--college
INSERT INTO college VALUES ('CEN','College of Engineering');
INSERT INTO college VALUES ('CAS','College of Arts and Sciences');
INSERT INTO college VALUES ('CAAD','College of Architecture, Art and Design');
INSERT INTO college VALUES ('SBA','School of Business Administration');

--app_user
INSERT INTO app_user VALUES (74902, 'b00074902@aus.edu', '$2a$10$aBSbZwSRMlMNII3g3H/ht.JQURjjbBe53r1mW9F1jwYLXIcv84Tmm', 'admin', 'Jeremy Dsilva', '971521345678');
INSERT INTO app_user VALUES (75635, 'b00075635@aus.edu', '$2a$10$spd26I4gH0RdtdfHJ42rQumexBYCV/sCb9VtTuYRzG2K54t0h8sLW', 'admin', 'Yash Gaikwad', '971523456781');
INSERT INTO app_user VALUES (75661, 'g00075661@aus.edu', '$2a$10$7pqRC6XBbmOgaM8LMdKgDOI72GWMNZIlraCQ1cnr48YZynVMDYUom', 'admin', 'Iffa Afsa CM', '971524567891');
INSERT INTO app_user VALUES (12345, 'c00012345@aus.edu', '$2a$10$Djs6NzmyB/e2sLaTIMBoEe9r6l3KHTkOPLlezkbMs7YD49Du.2zXq', 'leader', 'James Smith', '971525678910');
INSERT INTO app_user VALUES (23456, 'c00023456@aus.edu', '$2a$10$4xiUbo22HydF7zULBQ0DVeEn.4EzlvDCgYhZw4sV4hvehGikfNqni', 'leader', 'William Jones', '971526789101');
INSERT INTO app_user VALUES (34567, 'c00034567@aus.edu', '$2a$10$ZgSakTKoyCBXolsvGFoIo.Z/tsLS/7HajUr7NXmSoeLmrOGwjJQf6', 'leader', 'Thomas Rodriguez', '971527891010');
INSERT INTO app_user VALUES (45678, 'c00045678@aus.edu', '$2a$10$ctoLyq9seSN8XP3GgkS4D.Gz0dadpmbkTPiYbQie0MHlu465WaA8K', 'leader', 'Matthew Gonzalez', '971528910123');
INSERT INTO app_user VALUES (56789, 'c00056789@aus.edu', '$2a$10$4dfs39dvrRyPcUNXP7YpUO74WkLTukfWuycsYcCWiEVEg3uHx6uJ6', 'leader', 'Paul Taylor', '971529101234');
INSERT INTO app_user VALUES (67890, 'c00067890@aus.edu', '$2a$10$GWhJ6bCqkKq5zYKPE21J5uJxqmStjYWVzUWBmQO5xWjRkUzLzywwi', 'leader', 'Joshua Lee', '971521012345');
INSERT INTO app_user VALUES (78901, 'c00078901@aus.edu', '$2a$10$NBAxa9mXoBGgTDkGWSYAgO8nJx8AkjV5qS1ig137AjdN1QCSxa/vO', 'leader', 'Edward Harris', '971520123456');
INSERT INTO app_user VALUES (89012, 'c00089012@aus.edu', '$2a$10$sdDsarvK.HsfAmM6zrkoTe04C44yIJTClmrN.68e/92POy.vtEB.q', 'leader', 'Jeffrey Lewis', '971521234567');
INSERT INTO app_user VALUES (90123, 'c00090123@aus.edu', '$2a$10$LWH.iNPejCrXPKQToV3cbeeCr7lfv5z7IXHn.gK.AN.in.Q.z5jem', 'leader', 'Nicholas Allen', '971522345678');
INSERT INTO app_user VALUES (54321, 'c00054321@aus.edu', '$2a$10$rsXlgpeXYTT9kCTJNRjVZeVPqj9uzH9HDd9kq7Gz3V2KR8AFaubUC', 'leader', 'Larry Torres', '971561234567');
INSERT INTO app_user VALUES (65432, 'c00065432@aus.edu', '$2a$10$FfWl3S1JmgLIhcD78kQ6AOFhrGcII/LtaYpg1WklzY.Zd98HIj.im', 'leader', 'Benjamin Green', '971560123456');
INSERT INTO app_user VALUES (76543, 'c00076543@aus.edu', '$2a$10$lg5GgXiZBEcHxsE0Vdz6pOHyQOyJqrm4rM1RQbgrREXyGbxUZcizq', 'leader', 'Raymond Hall', '971562345678');
INSERT INTO app_user VALUES (87654, 'c00087654@aus.edu', '$2a$10$KvhiozUWQlLgquiKZ/1KueoSe47faHcPlrvKK7aKCKTrBPa68CtKy', 'leader', 'Dennis Carter', '971563456789');
INSERT INTO app_user VALUES (98765, 'c00098765@aus.edu', '$2a$10$YuvJrOF/lz8P5ShfkfgEB.g14uw14AIuSJFWLWkahfQmqr21ymgTm', 'leader', 'Jose Williams', '971564567890');
INSERT INTO app_user VALUES (10987, 'c00010987@aus.edu', '$2a$10$XhXx9NNgL.1ycmGQ7KKTNeG0XIb0RDtjVqT9tPityJiLo.ZVQVFVi', 'leader', 'Nathan Miller', '971565678901');
INSERT INTO app_user VALUES (21098, 'c00021098@aus.edu', '$2a$10$ojW8URBb19h7KiTpTJ0z7.Xo0910LuhkywBfcC0U4RGaeOJvDzAcq', 'leader', 'Walter Hernandez', '971566789012');
INSERT INTO app_user VALUES (32109, 'c00032109@aus.edu', '$2a$10$1wshs84dWz6utSF4jd92rObSndaXaTf1EXu.7IcdiTNFEKltLTq4y', 'leader', 'Carl Johnson', '971567890123');
INSERT INTO app_user VALUES (21312, 'c00021312@aus.edu', '$2a$10$DZQmz.ucdt5uAnYT.ghl/Or/pfAbE2xvG4XO0FZRaInQMi3ZvD8WW', 'leader', 'Christian Garcia', '971568901234');
INSERT INTO app_user VALUES (31212, 'c00031212@aus.edu', '$2a$10$xzjcAzBMQnweOEHc07WuFuCxzrSE4LXHIt1xbEt8D27TRudJ9wiUW', 'leader', 'Austin Martinez', '971569012345');
INSERT INTO app_user VALUES (41312, 'c00041312@aus.edu', '$2a$10$ActZKXpCrDw8tv3k4XlgbOQXskrapuBROhlrbapxtlIFmz/8ZtjfW', 'leader', 'Joe Wilson', '971569998888');
INSERT INTO app_user VALUES (87000, 'c00087000@aus.edu', '$2a$10$Rpk8gRFs96IF3eH1rWEg2u3VJLuaeFeSxRYpaaRfJe6eOWDnpYccO', 'student', 'Albert Moore', '971569998887');
INSERT INTO app_user VALUES (87001, 'c00087001@aus.edu', '$2a$10$16pVPPD/GkW6wzPRxjafQ.QlnpiH4pxTmI6Ke8O6FJqwrEqq6cmty', 'student', 'Gabriel Perez', '971569998886');
INSERT INTO app_user VALUES (87002, 'c00087002@aus.edu', '$2a$10$onozvyvlyxKuie12M7Rdf.u.Qa9Y789e/lu7CuLzT9Riwf0mYNhli', 'student', 'Wayne Sanchez', '971569998885');
INSERT INTO app_user VALUES (87003, 'c00087003@aus.edu', '$2a$10$YVJd63u6s7atTLGKnL30veZvjR.fAocSGyVb1KUQcGRWnwVxTKjAi', 'student', 'Randy Robinson', '971569998884');
INSERT INTO app_user VALUES (87004, 'c00087004@aus.edu', '$2a$10$haa3MEcKavr7U2jlR61HNuqr6dddWx1kF5DnRXBrmLKgVXAcTtvha', 'student', 'Philip King', '971569998883');
INSERT INTO app_user VALUES (87005, 'c00087005@aus.edu', '$2a$10$cwGRzPvQBqNP9de.TPXWTOjgAa4pc3fq4Fn7/4BvszdJUGMKvK.EG', 'student', 'Mary Nguyen', '971569998882');
INSERT INTO app_user VALUES (87006, 'c00087006@aus.edu', '$2a$10$WlsrA5DzHlk4v5o4iU6Z8eN1dhLG2qWqMdk2b8lNDt8KcfKTYyXmW', 'student', 'Elizabeth Adams', '971569998881');
INSERT INTO app_user VALUES (87007, 'c00087007@aus.edu', '$2a$10$/sqKN12rNFpCxc65wEL/ue8lTC0Hr2J5vXvC3ESgxCmi8y6HqfxkW', 'student', 'Sarah Rivera', '971569998880');
INSERT INTO app_user VALUES (87008, 'c00087008@aus.edu', '$2a$10$GCqMAqlfpTP9kJf3CZxvheGL9mE8m2ILb8TBloa8QA1Kf5l3vZOem', 'student', 'Margaret Roberts', '971569998889');
INSERT INTO app_user VALUES (87009, 'c00087009@aus.edu', '$2a$10$PPYG/V3ZY3xyHsytMNQElux.YaLBSLtfCNDnF8dE5WTDx.RIUQO2y', 'student', 'Dorothy Turner', '971569999990');
INSERT INTO app_user VALUES (87010, 'c00087010@aus.edu', '$2a$10$ugsqftTd81NMwHCzUkAo6..PLh/C4ZWkp9eVhO31wLqK2amMgVS5i', 'student', 'Michelle Edwards', '971569999991');
INSERT INTO app_user VALUES (87011, 'c00087011@aus.edu', '$2a$10$q4fRNaWWcSq08T6XjfSPs.9vs/h6Vp2LMZGPXn.zlS.PAxBvfYXGm', 'student', 'Deborah Morris', '971569999992');
INSERT INTO app_user VALUES (87012, 'c00087012@aus.edu', '$2a$10$KAYb.evCgN7YIS/z5sUFL.WeXlU.irBv5.UQrTUoxOdLddrGItfli', 'student', 'Sharon Rogers', '971569999993');
INSERT INTO app_user VALUES (87013, 'c00087013@aus.edu', '$2a$10$VuN.LvtYwy0nkEg50kC0eOVmUabg32zBz5/5UkI0kRctGDT/I2kFe', 'student', 'Shirley Cooper', '971569999994');
INSERT INTO app_user VALUES (87014, 'c00087014@aus.edu', '$2a$10$1aodxIJkI9vRb9roEm06cez9W.tcEqF9SiXwVaCYIiCYWIyj..h4a', 'student', 'Brenda Kelly', '971569999995');
INSERT INTO app_user VALUES (87015, 'c00087015@aus.edu', '$2a$10$Fqn7jTYKF1DfWA52TwLGROwMuahF2J66nNU3cDcETTL7W66iozF0.', 'student', 'Katherine Cox', '971569999996');
INSERT INTO app_user VALUES (87016, 'c00087016@aus.edu', '$2a$10$71MFDfjewvLjJu1ZMdh.TeoDQ1m4cSo5LRoQPQ6Mzt0ECzQjohXge', 'student', 'Catherine Brooks', '971569999997');
INSERT INTO app_user VALUES (87017, 'c00087017@aus.edu', '$2a$10$7Oyuwg5oA.KGCnk7d5/0heTUYiir8tX6df2yvmuJBCfbVZYtEkCNi', 'student', 'Janet Bennet', '971569999998');
INSERT INTO app_user VALUES (87018, 'c00087018@aus.edu', '$2a$10$ps7Kuq0qEBFhjIQ3EaSjKORXNp6VfZD4dbO4mSiOlDCG2xC8dAK1S', 'student', 'Diane Hughes', '971569999999');
INSERT INTO app_user VALUES (87019, 'c00087019@aus.edu', '$2a$10$a0dZMw2oohuj2qjqDeg6/OMeKA4sNZPVp0E5HkAb7Bo1J0p.ob9dq', 'student', 'Kelly Sanders', '971522223333');
INSERT INTO app_user VALUES (87020, 'c00087020@aus.edu', '$2a$10$9PTBNAYgXl5UAuwQRcYbqeUA6vrtobWzX8V4GHI/ywmF6B.JSBq7W', 'student', 'Evelyn Ross', '971521112222');
INSERT INTO app_user VALUES (87021, 'c00087021@aus.edu', '$2a$10$Id6u502nOEGT4kXBu5Z75O7OqBQvregeOVBIYOwbASWybkebLjZFW', 'student', 'Cheryl Anderson', '971523334444');
INSERT INTO app_user VALUES (87022, 'c00087022@aus.edu', '$2a$10$Ahv4j419pdyXMlMtvbwtcuVeHZ4faDqqos0URaCNUiceFGoq30XOu', 'student', 'Hannah Jackson', '971524445555');
INSERT INTO app_user VALUES (87023, 'c00087023@aus.edu', '$2a$10$oj9BeudVLA7rPfDGkiItI.dBGCgrOaAyRteD7SpRIsKogAsg8knIe', 'student', 'Jean Thompson', '971525556666');
INSERT INTO app_user VALUES (87024, 'c00087024@aus.edu', '$2a$10$Zw4/2nfTNgHapQwSf8LJWu02RVmf80ybfNGXHiDjljWG5rzLdtw8a', 'student', 'Sara Clark', '971526667777');
INSERT INTO app_user VALUES (87025, 'c00087025@aus.edu', '$2a$10$uIqhAPZuANsNN1vVyxv.2.sEDrDdU6dom69nXckS1kgorHTMnBDO6', 'student', 'Julia Walker', '971527778888');
INSERT INTO app_user VALUES (87026, 'c00087026@aus.edu', '$2a$10$rFHpONe7.rnBVmx5uCFdwuC589IsYnySg5o/fxRPBAvlN5YanpEou', 'student', 'Marie Wright', '971528889999');
INSERT INTO app_user VALUES (87027, 'c00087027@aus.edu', '$2a$10$ZkOF15NmEhqqlhg1rzCLzOuWSuxcXYPd3/kDwyGLjPJl7cJ8vKguq', 'student', 'Theresa Hill', '971529990000');
INSERT INTO app_user VALUES (87028, 'c00087028@aus.edu', '$2a$10$LsjznGVP.LBsWJrSgNO29.h/hVX0Vm6QywyIkOZJvoF./Ea7c22c.', 'student', 'Brittany Nelson', '971561112222');
INSERT INTO app_user VALUES (87029, 'c00087029@aus.edu', '$2a$10$P3s84UJpqoUfsv6mf1HxZemFMuK.71wMoAWP3TQVJC.EdnEUmoBLa', 'student', 'Isabella Campbell', '971562223333');
INSERT INTO app_user VALUES (87030, 'c00087030@aus.edu', '$2a$10$qWdZQUPM1C4iP6mHppSffe4WBIz/crtr7LVw4AYah/XIjPBAWJNSm', 'student', 'Mehnaz Ummar', '971563334444');
INSERT INTO app_user VALUES (87031, 'c00087031@aus.edu', '$2a$10$5fe05h6xzGc4uk.xiWwQfuIWh7rZLZq19ej6tDQOky5HxtJGuTRzW', 'student', 'Shahd Abdelmeguid', '971564445555');
INSERT INTO app_user VALUES (87032, 'c00087032@aus.edu', '$2a$10$t1Cq5Y.mgB9A34z/PacY5.qXILFE/rBxSZK/LSRLcVkcO2CNDnuH6', 'student', 'Meera Rashid', '971565556666');
INSERT INTO app_user VALUES (87033, 'c00087033@aus.edu', '$2a$10$Irg9KQ72QLLuolJv.bzfjutMz19laD9ANueKcyLlqF8KIJ8XSNbpy', 'student', 'Foad Sayed', '971566667777');
INSERT INTO app_user VALUES (87034, 'c00087034@aus.edu', '$2a$10$wIeb8JodZiJS.0Taeyc38.maCNcTnr7xQj6KoQoV40RjCsPlzmU1e', 'student', 'Ghazzal Jastaniah', '971567778888');
INSERT INTO app_user VALUES (87035, 'c00087035@aus.edu', '$2a$10$nKJhff3WdqhKK1R.2gpgGert3aKRBaLCX4dbcv88ITOl3GTLjigzO', 'student', 'Aishu Satish', '971568889999');
INSERT INTO app_user VALUES (87036, 'c00087036@aus.edu', '$2a$10$z5XQCNzDMo2I4jY4I4TZeezLGKTNhBoRZTJ6en9uOr9nPRmtHUloO', 'student', 'Deepthi Poovaiah', '971569990000');
INSERT INTO app_user VALUES (87037, 'c00087037@aus.edu', '$2a$10$hAqjeFxAOXwBmvvwwD0wsujnVYnF1upy9bta0mcnlC9tUVN0ThyCC', 'student', 'Aasiyah Ahmed', '971501234567');
INSERT INTO app_user VALUES (87038, 'c00087038@aus.edu', '$2a$10$COwF3egYPUbtn15UD/kDAuXCPu7yMejjk6aEGemaOnC80gZIMEyum', 'student', 'Sara Liba', '971502345678');
INSERT INTO app_user VALUES (87039, 'c00087039@aus.edu', '$2a$10$SUFP6DLQyaZmigEjDsupTehv9koMCfdvgn7UpodMGJuMu.DwjaxeO', 'student', 'Ayesha Suha', '971503456789');
INSERT INTO app_user VALUES (87040, 'c00087040@aus.edu', '$2a$10$VETgr8JofJvi.KidYCPA7OCJ6kF3t13y3pCr0JGGWdPpZlRg8tWoK', 'student', 'Noorie Silmi', '971504567890');
INSERT INTO app_user VALUES (87041, 'c00087041@aus.edu', '$2a$10$rY0cqCmScRaZr57XGWyboe5X6F/6lNU02QZdOSWvs/qaKZxUSlCpy', 'student', 'Fathima Zohra', '971505678901');
INSERT INTO app_user VALUES (87042, 'c00087042@aus.edu', '$2a$10$Ljwkal3X8unlIimk5xsBmOprxd8TFtfSvYzXaPtXUJRtK8v3UCSH.', 'student', 'Faiz Mohammad', '971506789012');
INSERT INTO app_user VALUES (87043, 'c00087043@aus.edu', '$2a$10$t6TjM7JU12oWo3WFsHkSP.VSgJSO5JVJOpkl9AwGxp6TH3Vkkof12', 'student', 'Manzoor Ahmad', '971581234567');
INSERT INTO app_user VALUES (87044, 'c00087044@aus.edu', '$2a$10$8p7Vq1giYKGY3s31cPchZu6XvtmoeRQI01kj7odUr4IYqExfZpwRW', 'student', 'Riyaz Ahmed', '971582345678');
INSERT INTO app_user VALUES (87045, 'c00087045@aus.edu', '$2a$10$mDIMaUUr./E/1tS5pJWQL.QGRZo1L44MmhSMqA.X/6HIC9Xrg6/P.', 'student', 'Mohammad Anwar', '971583457891');
INSERT INTO app_user VALUES (87046, 'c00087046@aus.edu', '$2a$10$qUol8KM619bFDQXRPLjJZ.INORuX6OVOJHb.vD3EL9L4C6z..ooqK', 'student', 'Nusaiba Lara', '971589990001');
INSERT INTO app_user VALUES (87047, 'c00087047@aus.edu', '$2a$10$e3hXve8muCoLJigI3GdvSej3HlOqwe4ljlNUonSxVossfZ4sFaU0C', 'student', 'Shabeena Sultana', '971580201234');
INSERT INTO app_user VALUES (87048, 'c00087048@aus.edu', '$2a$10$MZKqRQA2mWVojoXcsmQ8.OTPsi8qiwN.pVZT.qjjBWQZecqbSj8Ym', 'student', 'Insha Khatija', '971582244455');
INSERT INTO app_user VALUES (87049, 'c00087049@aus.edu', '$2a$10$.B8Y1y8mApxlpjLEufxn2.WbYYqXyOqyNmgA7Z8fzxUkFsLJGuD8O', 'student', 'Zaid Rahman', '971581102266');
INSERT INTO app_user VALUES (87050, 'c00087050@aus.edu', '$2a$10$1HFxTvrLjQAmuBw.b2ykluqxhlOnlb9.V.bQW92NU.BfVVAQ0AFLi', 'student', 'Rayyan Mohammad', '971587788899');
INSERT INTO app_user VALUES (87051, 'c00087051@aus.edu', '$2a$10$7oRHn7cDihM.uJxUyG2TEO1ZiQpIVRtbQXpBAUI25Y7EaMDjlWklC', 'student', 'Firas Mohammad', '971585434321');
INSERT INTO app_user VALUES (87052, 'c00087052@aus.edu', '$2a$10$H5FMRACuNHFu0XLuKlq6pOfkU7PY/..voD732RhnFtl/HnxUFx2Xi', 'student', 'Anne Kate', '971587723344');
INSERT INTO app_user VALUES (87053, 'c00087053@aus.edu', '$2a$10$DgieqUms1m2QzZ3S8UC7me3DjdnM8VyW.z9gb0ItcWB//RqLvfuf6', 'student', 'Abhirami Krishna', '971580011234');
INSERT INTO app_user VALUES (87054, 'c00087054@aus.edu', '$2a$10$4t0j7sm5Q9NIsko.oVKageOpJVATGSj7kZO0yjhtwBz5H64wjHysG', 'student', 'Archa Alukka', '971585544331');
INSERT INTO app_user VALUES (87055, 'c00087055@aus.edu', '$2a$10$/4m9zs2PVYroF09JpcIhAOKKZ61RfEEY9SGY0rdsCQPlJcTGF2/62', 'student', 'Maya Hiba', '971587895678');
INSERT INTO app_user VALUES (87056, 'c00087056@aus.edu', '$2a$10$ej6paYbDyNGJvy0AnkfDT.tykfWgpCHBhLoSumHBPpZrQQLNP3viq', 'student', 'Aghed Alahmad', '971582023765');
INSERT INTO app_user VALUES (87057, 'c00087057@aus.edu', '$2a$10$Ccv9v9RS64ZIHlcwQxeR1.lGYSf5ceXtVr23Ju7Lyxbk1AzQBd/rK', 'student', 'Mumtaz Ummar', '971586546789');
INSERT INTO app_user VALUES (87058, 'c00087058@aus.edu', '$2a$10$9YdNYuYSe3woUPWtfYWOb.93RLQer1k5dmvpiVGrNCmFl0GptZJwW', 'student', 'Robin Dias', '971580000101');
INSERT INTO app_user VALUES (87059, 'c00087059@aus.edu', '$2a$10$prXqoHasOSh3a9O.CBqV6.PRBmeUDNu1Wp2gAB111FqVEePxAF1le', 'student', 'Shaham Kampala', '971560100202');


--student_leader
INSERT INTO student_leader VALUES(12345, 'CEN','Senior','team_leader');
INSERT INTO student_leader VALUES(23456, 'CAAD','Junior','team_leader');
INSERT INTO student_leader VALUES(34567, 'SBA','Senior','team_leader');
INSERT INTO student_leader VALUES(45678, 'CAS','Junior','team_leader');
INSERT INTO student_leader VALUES(56789, 'CEN','Sophomore','peer_leader');
INSERT INTO student_leader VALUES(67890, 'CAAD','Junior','peer_leader');
INSERT INTO student_leader VALUES(78901, 'SBA','Senior','peer_leader');
INSERT INTO student_leader VALUES(89012, 'CAS','Sophomore','peer_leader');
INSERT INTO student_leader VALUES(90123, 'CEN','Junior','peer_leader');
INSERT INTO student_leader VALUES(54321, 'CAAD','Senior','peer_leader');
INSERT INTO student_leader VALUES(65432, 'SBA','Sophomore','peer_leader');
INSERT INTO student_leader VALUES(76543, 'CAS','Junior','peer_leader');
INSERT INTO student_leader VALUES(87654, 'CEN','Senior','peer_leader');
INSERT INTO student_leader VALUES(98765, 'CAAD','Sophomore','peer_leader');
INSERT INTO student_leader VALUES(10987, 'SBA','Junior','peer_leader');
INSERT INTO student_leader VALUES(21098, 'CAS','Senior','peer_leader');
INSERT INTO student_leader VALUES(32109, 'CEN','Senior','team_leader');
INSERT INTO student_leader VALUES(21312, 'CAAD','Sophomore','peer_leader');
INSERT INTO student_leader VALUES(31212, 'SBA','Junior','peer_leader');
INSERT INTO student_leader VALUES(41312, 'CAS','Sophomore','peer_leader');

--student_group
INSERT INTO student_group (NAME, PEER_LEADER, TEAM_LEADER) VALUES('OASIS1',56789, 12345);
INSERT INTO student_group (NAME, PEER_LEADER, TEAM_LEADER) VALUES('OASIS2',67890, 12345);
INSERT INTO student_group (NAME, PEER_LEADER, TEAM_LEADER) VALUES('OASIS3',78901, 12345);
INSERT INTO student_group (NAME, PEER_LEADER, TEAM_LEADER) VALUES('WAVES1',89012, 23456);
INSERT INTO student_group (NAME, PEER_LEADER, TEAM_LEADER) VALUES('WAVES2',90123, 23456);
INSERT INTO student_group (NAME, PEER_LEADER, TEAM_LEADER) VALUES('WAVES3',54321, 23456);
INSERT INTO student_group (NAME, PEER_LEADER, TEAM_LEADER) VALUES('SNOW1',65432, 34567);
INSERT INTO student_group (NAME, PEER_LEADER, TEAM_LEADER) VALUES('SNOW2',76543, 34567);
INSERT INTO student_group (NAME, PEER_LEADER, TEAM_LEADER) VALUES('SNOW3',87654, 34567);
INSERT INTO student_group (NAME, PEER_LEADER, TEAM_LEADER) VALUES('RAIN1',98765, 45678);
INSERT INTO student_group (NAME, PEER_LEADER, TEAM_LEADER) VALUES('RAIN2',10987, 45678);
INSERT INTO student_group (NAME, PEER_LEADER, TEAM_LEADER) VALUES('RAIN3',21098, 45678);

--student
INSERT INTO student VALUES(87000, 'CEN', 1);
INSERT INTO student VALUES(87001, 'CAAD', 1);
INSERT INTO student VALUES(87002, 'SBA', 1);
INSERT INTO student VALUES(87003, 'CAS', 1);
INSERT INTO student VALUES(87004, 'CEN', 1);
INSERT INTO student VALUES(87005, 'CAAD', 2);
INSERT INTO student VALUES(87006, 'SBA', 2);
INSERT INTO student VALUES(87007, 'CAS', 2);
INSERT INTO student VALUES(87008, 'CEN', 2);
INSERT INTO student VALUES(87009, 'CAAD', 2);
INSERT INTO student VALUES(87010, 'SBA', 3);
INSERT INTO student VALUES(87011, 'CAS', 3);
INSERT INTO student VALUES(87012, 'CEN', 3);
INSERT INTO student VALUES(87013, 'CAAD', 3);
INSERT INTO student VALUES(87014, 'SBA', 3);
INSERT INTO student VALUES(87015, 'CAS', 4);
INSERT INTO student VALUES(87016, 'CEN', 4);
INSERT INTO student VALUES(87017, 'CAAD', 4);
INSERT INTO student VALUES(87018, 'SBA', 4);
INSERT INTO student VALUES(87019, 'CAS', 4);
INSERT INTO student VALUES(87020, 'CEN', 5);
INSERT INTO student VALUES(87021, 'CEN', 5);
INSERT INTO student VALUES(87022, 'SBA', 5);
INSERT INTO student VALUES(87023, 'CAAD', 5);
INSERT INTO student VALUES(87024, 'CAAD', 5);
INSERT INTO student VALUES(87025, 'CEN', 6);
INSERT INTO student VALUES(87026, 'CEN', 6);
INSERT INTO student VALUES(87027, 'SBA', 6);
INSERT INTO student VALUES(87028, 'SBA', 6);
INSERT INTO student VALUES(87029, 'SBA', 6);
INSERT INTO student VALUES(87030, 'SBA', 7);
INSERT INTO student VALUES(87031, 'SBA', 7);
INSERT INTO student VALUES(87032, 'SBA', 7);
INSERT INTO student VALUES(87033, 'CEN', 7);
INSERT INTO student VALUES(87034, 'CEN', 7);
INSERT INTO student VALUES(87035, 'CAS', 8);
INSERT INTO student VALUES(87036, 'CAS', 8);
INSERT INTO student VALUES(87037, 'CAAD', 8);
INSERT INTO student VALUES(87038, 'CEN', 8);
INSERT INTO student VALUES(87039, 'SBA', 8);
INSERT INTO student VALUES(87040, 'CAAD', 9);
INSERT INTO student VALUES(87041, 'CAS', 9);
INSERT INTO student VALUES(87042, 'CAS', 9);
INSERT INTO student VALUES(87043, 'CAAD', 9);
INSERT INTO student VALUES(87044, 'SBA', 9);
INSERT INTO student VALUES(87045, 'CEN', 10);
INSERT INTO student VALUES(87046, 'CEN', 10);
INSERT INTO student VALUES(87047, 'CEN', 10);
INSERT INTO student VALUES(87048, 'CAAD', 10);
INSERT INTO student VALUES(87049, 'CAAD', 10);
INSERT INTO student VALUES(87050, 'CAAD', 11);
INSERT INTO student VALUES(87051, 'SBA', 11);
INSERT INTO student VALUES(87052, 'SBA', 11);
INSERT INTO student VALUES(87053, 'CEN', 11);
INSERT INTO student VALUES(87054, 'SBA', 11);
INSERT INTO student VALUES(87055, 'CAS', 12);
INSERT INTO student VALUES(87056, 'CAAD', 12);
INSERT INTO student VALUES(87057, 'CEN', 12);
INSERT INTO student VALUES(87058, 'CEN', 12);
INSERT INTO student VALUES(87059, 'CEN', 12);

--activity
INSERT INTO activity (name, date_of_activity, organized_by, note) VALUES('Welcome Session',Date '2020-8-1','AUS FYE','Welcome session for the students');
INSERT INTO activity (name, date_of_activity, organized_by, note) VALUES('Trivia Night',Date '2020-9-21','Student council','Organized by the student council for the students');
INSERT INTO activity (name, date_of_activity, organized_by, note) VALUES('Share your talent with the Student Council',Date '2020-9-21','Student council','Organized by the student council for the students');
INSERT INTO activity (name, date_of_activity, organized_by, note) VALUES('Academic Policies',Date '2020-9-22','AUS FYE','Orientation for the students about the academic policies');
INSERT INTO activity (name, date_of_activity, organized_by, note) VALUES('Meet-up with Peer Leader',Date '2020-9-22','Peer Leaders','Meet and greet with peer leaders');
INSERT INTO activity (name, date_of_activity, organized_by, note) VALUES('Watch and Munch Movie Night',Date '2020-9-23','Student council','Movie night for students with refreshments served');
INSERT INTO activity (name, date_of_activity, organized_by, note) VALUES('Let us Get to Know You ',Date '2020-9-23','Student council','Meet and greet with student council and team leaders');
INSERT INTO activity (name, date_of_activity, organized_by, note) VALUES('Virtual Athletic Tour',Date '2020-9-24','AUS FYE','Tour of sports center and available resources');
INSERT INTO activity (name, date_of_activity, organized_by, note) VALUES('Welcome to the Library',Date '2020-9-24','Library ','Orientation for the students about the library facilities ');
INSERT INTO activity (name, date_of_activity, organized_by, note) VALUES('Live Sports and Fitness Fun Quiz',Date '2020-9-25','AUS FYE','Social event');
INSERT INTO activity (name, date_of_activity, organized_by, note) VALUES('Game Night with Student Council',Date '2020-9-25','Student council','Social event organized by student council');
INSERT INTO activity (name, date_of_activity, organized_by, note) VALUES('College/School Course Advising',Date '2020-9-26','Colleges','Advising sessions offered by the respective colleges');
INSERT INTO activity (name, date_of_activity, organized_by, note) VALUES('Women Workout and Zumba',Date '2020-9-26','AUS FYE','Social event');
INSERT INTO activity (name, date_of_activity, organized_by, note) VALUES('Men Full-Body Workout',Date '2020-9-27','AUS FYE','Social event');
INSERT INTO activity (name, date_of_activity, organized_by, note) VALUES('Mental Health Tips with Psychology Club',Date '2020-9-28','UCS','Awareness session organized by University Counseling Services');

--activity_attendance
INSERT INTO activity_attendance VALUES(1, 87000);
INSERT INTO activity_attendance VALUES(2, 87001);
INSERT INTO activity_attendance VALUES(3, 87002);
INSERT INTO activity_attendance VALUES(4, 87003);
INSERT INTO activity_attendance VALUES(5, 87004);
INSERT INTO activity_attendance VALUES(6, 87005);
INSERT INTO activity_attendance VALUES(7, 87006);
INSERT INTO activity_attendance VALUES(8, 87007);
INSERT INTO activity_attendance VALUES(9, 87008);
INSERT INTO activity_attendance VALUES(10, 87009);
INSERT INTO activity_attendance VALUES(11, 87010);
INSERT INTO activity_attendance VALUES(12, 87011);
INSERT INTO activity_attendance VALUES(13, 87012);
INSERT INTO activity_attendance VALUES(14, 87013);
INSERT INTO activity_attendance VALUES(15, 87014);
INSERT INTO activity_attendance VALUES(1, 87015);
INSERT INTO activity_attendance VALUES(2, 87000);
INSERT INTO activity_attendance VALUES(3, 87001);
INSERT INTO activity_attendance VALUES(4, 87002);
INSERT INTO activity_attendance VALUES(5, 87003);
INSERT INTO activity_attendance VALUES(6, 87004);
INSERT INTO activity_attendance VALUES(7, 87005);
INSERT INTO activity_attendance VALUES(8, 87006);
INSERT INTO activity_attendance VALUES(9, 87007);
INSERT INTO activity_attendance VALUES(10, 87008);
INSERT INTO activity_attendance VALUES(11, 87009);
INSERT INTO activity_attendance VALUES(12, 87010);
INSERT INTO activity_attendance VALUES(13, 87011);
INSERT INTO activity_attendance VALUES(14, 87012);
INSERT INTO activity_attendance VALUES(15, 87013);
INSERT INTO activity_attendance VALUES(1, 87014);
INSERT INTO activity_attendance VALUES(2, 87015);
INSERT INTO activity_attendance VALUES(3, 87000);
INSERT INTO activity_attendance VALUES(4, 87001);
INSERT INTO activity_attendance VALUES(5, 87002);
INSERT INTO activity_attendance VALUES(6, 87003);
INSERT INTO activity_attendance VALUES(7, 87004);
INSERT INTO activity_attendance VALUES(8, 87005);
INSERT INTO activity_attendance VALUES(9, 87006);
INSERT INTO activity_attendance VALUES(10, 87007);
INSERT INTO activity_attendance VALUES(11, 87008);
INSERT INTO activity_attendance VALUES(12, 87009);
INSERT INTO activity_attendance VALUES(13, 87010);
INSERT INTO activity_attendance VALUES(14, 87011);
INSERT INTO activity_attendance VALUES(15, 87012);
INSERT INTO activity_attendance VALUES(1, 87013);
INSERT INTO activity_attendance VALUES(2, 87014);
INSERT INTO activity_attendance VALUES(3, 87015);
INSERT INTO activity_attendance VALUES(4, 87000);
INSERT INTO activity_attendance VALUES(5, 87001);
INSERT INTO activity_attendance VALUES(6, 87002);
INSERT INTO activity_attendance VALUES(7, 87003);
INSERT INTO activity_attendance VALUES(8, 87004);
INSERT INTO activity_attendance VALUES(9, 87005);
INSERT INTO activity_attendance VALUES(10, 87006);
INSERT INTO activity_attendance VALUES(11, 87007);
INSERT INTO activity_attendance VALUES(12, 87008);
INSERT INTO activity_attendance VALUES(13, 87009);
INSERT INTO activity_attendance VALUES(14, 87010);
INSERT INTO activity_attendance VALUES(15, 87011);
INSERT INTO activity_attendance VALUES(1, 87012);
INSERT INTO activity_attendance VALUES(2, 87013);
INSERT INTO activity_attendance VALUES(3, 87014);
INSERT INTO activity_attendance VALUES(4, 87015);
INSERT INTO activity_attendance VALUES(5, 87017);
INSERT INTO activity_attendance VALUES(6, 87018);
INSERT INTO activity_attendance VALUES(7, 87019);
INSERT INTO activity_attendance VALUES(8, 87017);
INSERT INTO activity_attendance VALUES(9, 87018);
INSERT INTO activity_attendance VALUES(10, 87019);
INSERT INTO activity_attendance VALUES(11, 87017);
INSERT INTO activity_attendance VALUES(12, 87018);
INSERT INTO activity_attendance VALUES(13, 87019);
INSERT INTO activity_attendance VALUES(14, 87017);
INSERT INTO activity_attendance VALUES(15, 87018);
INSERT INTO activity_attendance VALUES(1, 87019);
INSERT INTO activity_attendance VALUES(2, 87021);
INSERT INTO activity_attendance VALUES(3, 87022);
INSERT INTO activity_attendance VALUES(4, 87023);
INSERT INTO activity_attendance VALUES(5, 87024);
INSERT INTO activity_attendance VALUES(6, 87021);
INSERT INTO activity_attendance VALUES(7, 87022);
INSERT INTO activity_attendance VALUES(8, 87023);
INSERT INTO activity_attendance VALUES(9, 87024);
INSERT INTO activity_attendance VALUES(10, 87021);
INSERT INTO activity_attendance VALUES(11, 87022);
INSERT INTO activity_attendance VALUES(12, 87023);
INSERT INTO activity_attendance VALUES(13, 87024);
INSERT INTO activity_attendance VALUES(14, 87021);
INSERT INTO activity_attendance VALUES(15, 87022);
INSERT INTO activity_attendance VALUES(1, 87023);
INSERT INTO activity_attendance VALUES(2, 87024);
INSERT INTO activity_attendance VALUES(3, 87026);
INSERT INTO activity_attendance VALUES(4, 87027);
INSERT INTO activity_attendance VALUES(5, 87028);
INSERT INTO activity_attendance VALUES(6, 87029);
INSERT INTO activity_attendance VALUES(7, 87026);
INSERT INTO activity_attendance VALUES(8, 87027);
INSERT INTO activity_attendance VALUES(9, 87028);
INSERT INTO activity_attendance VALUES(10, 87029);
INSERT INTO activity_attendance VALUES(11, 87026);
INSERT INTO activity_attendance VALUES(12, 87027);
INSERT INTO activity_attendance VALUES(13, 87028);
INSERT INTO activity_attendance VALUES(14, 87029);
INSERT INTO activity_attendance VALUES(15, 87026);
INSERT INTO activity_attendance VALUES(1, 87027);
INSERT INTO activity_attendance VALUES(2, 87028);
INSERT INTO activity_attendance VALUES(3, 87029);
INSERT INTO activity_attendance VALUES(4, 87032);
INSERT INTO activity_attendance VALUES(5, 87033);
INSERT INTO activity_attendance VALUES(6, 87034);
INSERT INTO activity_attendance VALUES(7, 87035);
INSERT INTO activity_attendance VALUES(8, 87036);
INSERT INTO activity_attendance VALUES(9, 87037);
INSERT INTO activity_attendance VALUES(10, 87038);
INSERT INTO activity_attendance VALUES(11, 87032);
INSERT INTO activity_attendance VALUES(12, 87033);
INSERT INTO activity_attendance VALUES(13, 87034);
INSERT INTO activity_attendance VALUES(14, 87035);
INSERT INTO activity_attendance VALUES(15, 87036);
INSERT INTO activity_attendance VALUES(1, 87037);
INSERT INTO activity_attendance VALUES(2, 87038);
INSERT INTO activity_attendance VALUES(3, 87040);
INSERT INTO activity_attendance VALUES(4, 87041);
INSERT INTO activity_attendance VALUES(5, 87042);
INSERT INTO activity_attendance VALUES(6, 87043);
INSERT INTO activity_attendance VALUES(7, 87040);
INSERT INTO activity_attendance VALUES(8, 87041);
INSERT INTO activity_attendance VALUES(9, 87042);
INSERT INTO activity_attendance VALUES(10, 87043);
INSERT INTO activity_attendance VALUES(11, 87040);
INSERT INTO activity_attendance VALUES(12, 87041);
INSERT INTO activity_attendance VALUES(13, 87042);
INSERT INTO activity_attendance VALUES(14, 87043);
INSERT INTO activity_attendance VALUES(15, 87046);
INSERT INTO activity_attendance VALUES(1, 87049);
INSERT INTO activity_attendance VALUES(2, 87050);
INSERT INTO activity_attendance VALUES(3, 87051);
INSERT INTO activity_attendance VALUES(4, 87049);
INSERT INTO activity_attendance VALUES(5, 87050);
INSERT INTO activity_attendance VALUES(6, 87051);
INSERT INTO activity_attendance VALUES(7, 87049);
INSERT INTO activity_attendance VALUES(8, 87050);
INSERT INTO activity_attendance VALUES(9, 87051);
INSERT INTO activity_attendance VALUES(10, 87049);
INSERT INTO activity_attendance VALUES(11, 87050);
INSERT INTO activity_attendance VALUES(12, 87051);
INSERT INTO activity_attendance VALUES(13, 87049);
INSERT INTO activity_attendance VALUES(14, 87050);
INSERT INTO activity_attendance VALUES(15, 87051);
INSERT INTO activity_attendance VALUES(1, 87053);
INSERT INTO activity_attendance VALUES(2, 87054);
INSERT INTO activity_attendance VALUES(3, 87055);
INSERT INTO activity_attendance VALUES(4, 87056);
INSERT INTO activity_attendance VALUES(5, 87057);
INSERT INTO activity_attendance VALUES(6, 87053);
INSERT INTO activity_attendance VALUES(7, 87054);
INSERT INTO activity_attendance VALUES(8, 87055);
INSERT INTO activity_attendance VALUES(9, 87056);
INSERT INTO activity_attendance VALUES(10, 87057);
INSERT INTO activity_attendance VALUES(11, 87053);
INSERT INTO activity_attendance VALUES(12, 87054);
INSERT INTO activity_attendance VALUES(13, 87055);
INSERT INTO activity_attendance VALUES(14, 87056);
INSERT INTO activity_attendance VALUES(15, 87057);




