--app_user
INSERT INTO app_user VALUES (74902, 'b00074902@aus.edu', 'admin1', 'admin', 'Jeremy Dsilva', '971521345678');
INSERT INTO app_user VALUES (75635, 'b00075635@aus.edu', 'admin2', 'admin', 'Yash Gaikwad', '971523412781');
INSERT INTO app_user VALUES (75661, 'g00075661@aus.edu', 'admin3', 'admin', 'Iffa Afsa CM', '971524567891');
INSERT INTO app_user VALUES (12345, 'c00012345@aus.edu', 'leader1', 'leader', 'James Smith', '971525613910');
INSERT INTO app_user VALUES (23456, 'c00023456@aus.edu', 'leader2', 'leader', 'William Jones', '971526714101');
INSERT INTO app_user VALUES (34567, 'c00034567@aus.edu', 'leader3', 'leader', 'Thomas Rodriguez', '971527815010');
INSERT INTO app_user VALUES (45678, 'c00045678@aus.edu', 'leader4', 'leader', 'Matthew Gonzalez', '971528916123');
INSERT INTO app_user VALUES (56789, 'c00056789@aus.edu', 'leader5', 'leader', 'Paul Taylor', '971529117234');
INSERT INTO app_user VALUES (67890, 'c00067890@aus.edu', 'leader6', 'leader', 'Joshua Lee', '971521018345');
INSERT INTO app_user VALUES (78901, 'c00078901@aus.edu', 'leader7', 'leader', 'Edward Harris', '971520119456');
INSERT INTO app_user VALUES (89012, 'c00089012@aus.edu', 'leader8', 'leader', 'Jeffrey Lewis', '971521220567');
INSERT INTO app_user VALUES (90123, 'c00090123@aus.edu', 'leader9', 'leader', 'Nicholas Allen', '971522321678');
INSERT INTO app_user VALUES (54321, 'c00054321@aus.edu', 'leader10', 'leader', 'Larry Torres', '971561222567');
INSERT INTO app_user VALUES (65432, 'c00065432@aus.edu', 'leader11', 'leader', 'Benjamin Green', '971560123456');
INSERT INTO app_user VALUES (76543, 'c00076543@aus.edu', 'leader12', 'leader', 'Raymond Hall', '971562324678');
INSERT INTO app_user VALUES (87654, 'c00087654@aus.edu', 'leader13', 'leader', 'Dennis Carter', '971563425789');
INSERT INTO app_user VALUES (98765, 'c00098765@aus.edu', 'leader14', 'leader', 'Jose Williams', '971564567890');
INSERT INTO app_user VALUES (10987, 'c00010987@aus.edu', 'leader15', 'leader', 'Nathan Miller', '971565626901');
INSERT INTO app_user VALUES (21098, 'c00021098@aus.edu', 'leader16', 'leader', 'Walter Hernandez', '971566727012');
INSERT INTO app_user VALUES (32109, 'c00032109@aus.edu', 'leader17', 'leader', 'Carl Johnson', '971567828123');
INSERT INTO app_user VALUES (21312, 'c00021312@aus.edu', 'leader18', 'leader', 'Christian Garcia', '971568929234');
INSERT INTO app_user VALUES (31212, 'c00031212@aus.edu', 'leader19', 'leader', 'Austin Martinez', '971569030345');
INSERT INTO app_user VALUES (41312, 'c00041312@aus.edu', 'leader20', 'leader', 'Joe Wilson', '971569931888');
INSERT INTO app_user VALUES (87000, 'c00087000@aus.edu', 'student1', 'student', 'Albert Moore', '971569932887');
INSERT INTO app_user VALUES (87001, 'c00087001@aus.edu', 'student2', 'student', 'Gabriel Perez', '971569933886');
INSERT INTO app_user VALUES (87002, 'c00087002@aus.edu', 'student3', 'student', 'Wayne Sanchez', '971569935885');
INSERT INTO app_user VALUES (87003, 'c00087003@aus.edu', 'student4', 'student', 'Randy Robinson', '971569936884');
INSERT INTO app_user VALUES (87004, 'c00087004@aus.edu', 'student5', 'student', 'Philip King', '971569945883');
INSERT INTO app_user VALUES (87005, 'c00087005@aus.edu', 'student6', 'student', 'Mary Nguyen', '971569941882');
INSERT INTO app_user VALUES (87006, 'c00087006@aus.edu', 'student7', 'student', 'Elizabeth Adams', '971569948881');
INSERT INTO app_user VALUES (87007, 'c00087007@aus.edu', 'student8', 'student', 'Sarah Rivera', '971569940880');
INSERT INTO app_user VALUES (87008, 'c00087008@aus.edu', 'student9', 'student', 'Margaret Roberts', '971569944889');
INSERT INTO app_user VALUES (87009, 'c00087009@aus.edu', 'student10', 'student', 'Dorothy Turner', '971569946990');
INSERT INTO app_user VALUES (87010, 'c00087010@aus.edu', 'student11', 'student', 'Michelle Edwards', '971569949991');
INSERT INTO app_user VALUES (87011, 'c00087011@@aus.edu', 'student12', 'student', 'Deborah Morris', '971569950992');
INSERT INTO app_user VALUES (87012, 'c00087012@aus.edu', 'student13', 'student', 'Sharon Rogers', '971569951993 ');
INSERT INTO app_user VALUES (87013, 'c00087013@aus.edu', 'student14', 'student', 'Shirley Cooper', '971569953994');
INSERT INTO app_user VALUES (87014, 'c00087014@aus.edu', 'student15', 'student', 'Brenda Kelly', '971569954995');
INSERT INTO app_user VALUES (87015, 'c00087015@aus.edu', 'student16', 'student', 'Katherine Cox', '971569954996');
INSERT INTO app_user VALUES (87016, 'c00087016@aus.edu', 'student17', 'student', 'Catherine Brooks', '971569954997');
INSERT INTO app_user VALUES (87017, 'c00087017@aus.edu', 'student18', 'student', 'Janet Bennet', '971569954998');
INSERT INTO app_user VALUES (87018, 'c00087018@aus.edu', 'student19', 'student', 'Diane Hughes', '971569954999');
INSERT INTO app_user VALUES (87019, 'c00087019@aus.edu', 'student20', 'student', 'Kelly Sanders', '971522254333');
INSERT INTO app_user VALUES (87020, 'c00087020@aus.edu', 'student21', 'student', 'Evelyn Ross', '971521154222');
INSERT INTO app_user VALUES (87021, 'c00087021@aus.edu', 'student22', 'student', 'Cheryl Anderson', '971523354444');
INSERT INTO app_user VALUES (87022, 'c00087022@aus.edu', 'student23', 'student', 'Hannah Jackson', '971524454555');
INSERT INTO app_user VALUES (87023, 'c00087023@aus.edu', 'student24', 'student', 'Jean Thompson', '971525554666');
INSERT INTO app_user VALUES (87024, 'c00087024@aus.edu', 'student25', 'student', 'Sara Clark', '971526654777');
INSERT INTO app_user VALUES (87025, 'c00087025@aus.edu', 'student26', 'student', 'Julia Walker', '971527754888');
INSERT INTO app_user VALUES (87026, 'c00087026@aus.edu', 'student27', 'student', 'Marie Wright', '971528854999');
INSERT INTO app_user VALUES (87027, 'c00087027@aus.edu', 'student28', 'student', 'Theresa Hill', '971529954000');
INSERT INTO app_user VALUES (87028, 'c00087028@aus.edu', 'student29', 'student', 'Brittany Nelson', '971561154222');
INSERT INTO app_user VALUES (87029, 'c00087029@aus.edu', 'student30', 'student', 'Isabella Campbell', '971562254333');
INSERT INTO app_user VALUES (87030, 'c00087030@aus.edu', 'student31', 'student', 'Mehnaz Ummar', '971563354444');
INSERT INTO app_user VALUES (87031, 'c00087031@aus.edu', 'student32', 'student', 'Shahd Abdelmeguid', '971564454555');
INSERT INTO app_user VALUES (87032, 'c00087032@aus.edu', 'student33', 'student', 'Meera Rashid', '971565554666');
INSERT INTO app_user VALUES (87033, 'c00087033@aus.edu', 'student34', 'student', 'Foad Sayed', '971566654777');
INSERT INTO app_user VALUES (87034, 'c00087034@aus.edu', 'student35', 'student', 'Ghazzal Jastaniah', '971567754888');
INSERT INTO app_user VALUES (87035, 'c00087035@aus.edu', 'student36', 'student', 'Aishu Satish', '971568854999');
INSERT INTO app_user VALUES (87036, 'c00087036@aus.edu', 'student37', 'student', 'Deepthi Poovaiah', '971569954000');
INSERT INTO app_user VALUES (87037, 'c00087037@aus.edu', 'student38', 'student', 'Aasiyah Ahmed', '971554254567');
INSERT INTO app_user VALUES (87038, 'c00087038@aus.edu', 'student39', 'student', 'Sara Liba', '971554354678');
INSERT INTO app_user VALUES (87039, 'c00087039@aus.edu', 'student40', 'student', 'Ayesha Suha', '971554454789');
INSERT INTO app_user VALUES (87040, 'c00087040@aus.edu', 'student41', 'student', 'Noorie Silmi', '971554567890');
INSERT INTO app_user VALUES (87041, 'c00087041@aus.edu', 'student42', 'student', 'Fathima Zohra', '971554654901 ');
INSERT INTO app_user VALUES (87042, 'c00087042@aus.edu', 'student43', 'student', 'Faiz Mohammad', '971554754012');
INSERT INTO app_user VALUES (87043, 'c00087043@aus.edu', 'student44', 'student', 'Manzoor Ahmad', '971581254567');
INSERT INTO app_user VALUES (87044, 'c00087044@aus.edu', 'student45', 'student', 'Riyaz Ahmed', '971582354678');
INSERT INTO app_user VALUES (87045, 'c00087045@aus.edu', 'student46', 'student', 'Mohammad Anwar', '971583454891');
INSERT INTO app_user VALUES (87046, 'c00087046@aus.edu', 'student47', 'student', 'Nusaiba Lara', '971589954001');
INSERT INTO app_user VALUES (87047, 'c00087047@aus.edu', 'student48', 'student', 'Shabeena Sultana', '971580254234');
INSERT INTO app_user VALUES (87048, 'c00087048@aus.edu', 'student49', 'student', 'Insha Khatija', '971582254455');
INSERT INTO app_user VALUES (87049, 'c00087049@aus.edu', 'student50', 'student', 'Zaid Rahman', '971581154266');
INSERT INTO app_user VALUES (87050, 'c00087050@aus.edu', 'student51', 'student', 'Rayyan Mohammad', '971587788899');
INSERT INTO app_user VALUES (87051, 'c00087051@aus.edu', 'student52', 'student', 'Firas Mohammad', '971585434321');
INSERT INTO app_user VALUES (87052, 'c00087052@aus.edu', 'student53', 'student', 'Anne Kate', '971587723344');
INSERT INTO app_user VALUES (87053, 'c00087053@aus.edu', 'student54', 'student', 'Abhirami Krishna', '971580011234');
INSERT INTO app_user VALUES (87054, 'c00087054@aus.edu', 'student55', 'student', 'Archa Alukka', '971585544331');
INSERT INTO app_user VALUES (87055, 'c00087055@aus.edu', 'student56', 'student', 'Maya Hiba', '971587895678');
INSERT INTO app_user VALUES (87056, 'c00087056@aus.edu', 'student57', 'student', 'Aghed Alahmad', '971582023765');
INSERT INTO app_user VALUES (87057, 'c00087057@aus.edu', 'student58', 'student', 'Mumtaz Ummar', '971586546789');
INSERT INTO app_user VALUES (87058, 'c00087058@aus.edu', 'student59', 'student', 'Robin Dias', '971580000101');
INSERT INTO app_user VALUES (87059, 'c00087059@aus.edu', 'student60', 'student', 'Shaham Kampala', '971560100202');

--college
INSERT INTO college VALUES ('CEN','College of Engineering');
INSERT INTO college VALUES ('CAS','College of Arts and Sciences');
INSERT INTO college VALUES ('CAAD','College of Architecture, Art and Design');
INSERT INTO college VALUES ('SBA','School of Business Administration');

--student_leader
INSERT INTO student_leader VALUES(12345, 'CEN','Senior','team_leader');
INSERT INTO student_leader VALUES(23456, 'CAAD','Junior','team_leader');
INSERT INTO student_leader VALUES(34567, 'SBA','Senior','team_leader');
INSERT INTO student_leader VALUES(45678, 'CAS','Junior','team_leader');
INSERT INTO student_leader VALUES(56789, 'CEN','Sophomore','peer_leader');
INSERT INTO student_leader VALUES(67890, 'CAAD','Junior','peer_leader');
INSERT INTO student_leader VALUES(78901, 'SBA','Senior','peer_leader');
INSERT INTO student_leader VALUES(89012, 'CAS','Sophomore','peer_leader');
INSERT INTO student_leader VALUES(90123, 'CEN','Junior','peer_leader');
INSERT INTO student_leader VALUES(54321, 'CAAD','Senior','peer_leader');
INSERT INTO student_leader VALUES(65432, 'SBA','Sophomore','peer_leader');
INSERT INTO student_leader VALUES(76543, 'CAS','Junior','peer_leader');
INSERT INTO student_leader VALUES(87654, 'CEN','Senior','peer_leader');
INSERT INTO student_leader VALUES(98765, 'CAAD','Sophomore','peer_leader');
INSERT INTO student_leader VALUES(10987, 'SBA','Junior','peer_leader');
INSERT INTO student_leader VALUES(21098, 'CAS','Senior','peer_leader');
INSERT INTO student_leader VALUES(32109, 'CEN','Senior','team_leader');
INSERT INTO student_leader VALUES(21312, 'CAAD','Sophomore','peer_leader');
INSERT INTO student_leader VALUES(31212, 'SBA','Junior','peer_leader');
INSERT INTO student_leader VALUES(41312, 'CAS','Sophomore','peer_leader');

--student_group
INSERT INTO student_group VALUES(10123, 'OASIS1',56789, 12345);
INSERT INTO student_group VALUES(10456, 'OASIS2',67890, 12345);
INSERT INTO student_group VALUES(10789, 'OASIS3',78901, 12345);
INSERT INTO student_group VALUES(11123, 'WAVES1',89012, 23456);
INSERT INTO student_group VALUES(11234, 'WAVES2',90123, 23456);
INSERT INTO student_group VALUES(11345, 'WAVES3',54321, 23456);
INSERT INTO student_group VALUES(12234, 'SNOW1',65432, 34567);
INSERT INTO student_group VALUES(12453, 'SNOW2',76543, 34567);
INSERT INTO student_group VALUES(12456, 'SNOW3',87654, 34567);
INSERT INTO student_group VALUES(13789, 'RAIN1',98765, 45678);
INSERT INTO student_group VALUES(13567, 'RAIN2',10987, 45678);
INSERT INTO student_group VALUES(13123, 'RAIN3',21098, 45678);

--student
INSERT INTO student VALUES(87000, 'CEN', 10123);
INSERT INTO student VALUES(87001, 'CAAD', 10123);
INSERT INTO student VALUES(87002, 'SBA', 10123);
INSERT INTO student VALUES(87003, 'CAS', 10123);
INSERT INTO student VALUES(87004, 'CEN', 10123);
INSERT INTO student VALUES(87005, 'CAAD', 10456);
INSERT INTO student VALUES(87006, 'SBA', 10456);
INSERT INTO student VALUES(87007, 'CAS', 10456);
INSERT INTO student VALUES(87008, 'CEN', 10456);
INSERT INTO student VALUES(87009, 'CAAD', 10456);
INSERT INTO student VALUES(87010, 'SBA', 10789);
INSERT INTO student VALUES(87011, 'CAS', 10789);
INSERT INTO student VALUES(87012, 'CEN', 10789);
INSERT INTO student VALUES(87013, 'CAAD', 10789);
INSERT INTO student VALUES(87014, 'SBA', 10789);
INSERT INTO student VALUES(87015, 'CAS', 11123);
INSERT INTO student VALUES(87016, 'CEN', 11123);
INSERT INTO student VALUES(87017, 'CAAD', 11123);
INSERT INTO student VALUES(87018, 'SBA', 11123);
INSERT INTO student VALUES(87019, 'CAS', 11123);
INSERT INTO student VALUES(87020, 'CEN', 11234);
INSERT INTO student VALUES(87021, 'CEN', 11234);
INSERT INTO student VALUES(87022, 'SBA', 11234);
INSERT INTO student VALUES(87023, 'CAAD', 11234);
INSERT INTO student VALUES(87024, 'CAAD', 11234);
INSERT INTO student VALUES(87025, 'CEN', 11345);
INSERT INTO student VALUES(87026, 'CEN', 11345);
INSERT INTO student VALUES(87027, 'SBA', 11345);
INSERT INTO student VALUES(87028, 'SBA', 11345);
INSERT INTO student VALUES(87029, 'SBA', 11345);
INSERT INTO student VALUES(87030, 'SBA', 12234);
INSERT INTO student VALUES(87031, 'SBA', 12234);
INSERT INTO student VALUES(87032, 'SBA', 12234);
INSERT INTO student VALUES(87033, 'CEN', 12234);
INSERT INTO student VALUES(87034, 'CEN', 12234);
INSERT INTO student VALUES(87035, 'CAS', 12453);
INSERT INTO student VALUES(87036, 'CAS', 12453);
INSERT INTO student VALUES(87037, 'CAAD', 12453);
INSERT INTO student VALUES(87038, 'CEN', 12453);
INSERT INTO student VALUES(87039, 'SBA', 12453);
INSERT INTO student VALUES(87040, 'CAAD', 12456);
INSERT INTO student VALUES(87041, 'CAS', 12456);
INSERT INTO student VALUES(87042, 'CAS', 12456);
INSERT INTO student VALUES(87043, 'CAAD', 12456);
INSERT INTO student VALUES(87044, 'SBA', 12456);
INSERT INTO student VALUES(87045, 'CEN', 13789);
INSERT INTO student VALUES(87046, 'CEN', 13789);
INSERT INTO student VALUES(87047, 'CEN', 13789);
INSERT INTO student VALUES(87048, 'CAAD', 13789);
INSERT INTO student VALUES(87049, 'CAAD', 13789);
INSERT INTO student VALUES(87050, 'CAAD', 13567);
INSERT INTO student VALUES(87051, 'SBA', 13567);
INSERT INTO student VALUES(87052, 'SBA', 13567);
INSERT INTO student VALUES(87053, 'CEN', 13567);
INSERT INTO student VALUES(87054, 'SBA', 13567);
INSERT INTO student VALUES(87055, 'CAS', 13123);
INSERT INTO student VALUES(87056, 'CAAD', 13123);
INSERT INTO student VALUES(87057, 'CEN', 13123);
INSERT INTO student VALUES(87058, 'CEN', 13123);
INSERT INTO student VALUES(87059, 'CEN', 13123);

--activity
INSERT INTO activity VALUES(1,'Welcome Session','44064','AUS FYE','Welcome session for the students');
INSERT INTO activity VALUES(2,'Trivia Night','44064','Student council','Organized by the student council for the students');
INSERT INTO activity VALUES(3,'Share your talent with the Student Council','44065','Student council','Organized by the student council for the students');
INSERT INTO activity VALUES(4,'Academic Policies','44065','AUS FYE','Orientation for the students about the academic policies');
INSERT INTO activity VALUES(5,'Meet-up with Peer Leader','44065','Peer Leaders','Meet and greet with peer leaders');
INSERT INTO activity VALUES(6,'Watch and Munch Movie Night','44066','Student council','Movie night for students with refreshments served');
INSERT INTO activity VALUES(7,'Let us Get to Know You','44066','Student council','Meet and greet with student council and team leaders');
INSERT INTO activity VALUES(8,'Virtual Athletic Tour','44069','AUS FYE','Tour of sports center and available resources');
INSERT INTO activity VALUES(9,'Welcome to the Library','44069','Library ','Orientation for the students about the library facilities ');
INSERT INTO activity VALUES(10,'Live Sports and Fitness Fun Quiz','44070','AUS FYE','Social event');
INSERT INTO activity VALUES(11,'Game Night with Student Council','44070','Student council','Social event organized by student council');
INSERT INTO activity VALUES(12,'College/School Course Advising','44071','Colleges','Advising sessions offered by the respective colleges');
INSERT INTO activity VALUES(13,'Women Workout and Zumba','44071','AUS FYE','Social event');
INSERT INTO activity VALUES(14,'Men Full-Body Workout','44072','AUS FYE','Social event');
INSERT INTO activity VALUES(15,'Mental Health Tips with Psychology Club','44072','UCS','Awareness session organized by University Counseling Services');

--activity_attendance
-- INSERT INTO activity_attendance VALUES(1, 87000, 3,);
-- INSERT INTO activity_attendance VALUES(2, 87001, 3.5,);
-- INSERT INTO activity_attendance VALUES(3, 87002, 4,);
-- INSERT INTO activity_attendance VALUES(4, 87003, 3,);
-- INSERT INTO activity_attendance VALUES(5, 87004, 4.5,);
-- INSERT INTO activity_attendance VALUES(6, 87005, 4,);
-- INSERT INTO activity_attendance VALUES(7, 87006, 5,);
-- INSERT INTO activity_attendance VALUES(8, 87007, 3,);
-- INSERT INTO activity_attendance VALUES(9, 87008, 3.5,);
-- INSERT INTO activity_attendance VALUES(10, 87009, 4,);
-- INSERT INTO activity_attendance VALUES(11, 87010, 3.5,);
-- INSERT INTO activity_attendance VALUES(12, 87011, 5,);
-- INSERT INTO activity_attendance VALUES(13, 87012, 4,);
-- INSERT INTO activity_attendance VALUES(14, 87013, 3,);
-- INSERT INTO activity_attendance VALUES(15, 87014, 4.5,);
-- INSERT INTO activity_attendance VALUES(1, 87015, 3.5,);
-- INSERT INTO activity_attendance VALUES(2, 87000, 4,);
-- INSERT INTO activity_attendance VALUES(3, 87001, 3,);
-- INSERT INTO activity_attendance VALUES(4, 87002, 3.5,);
-- INSERT INTO activity_attendance VALUES(5, 87003, 4,);
-- INSERT INTO activity_attendance VALUES(6, 87004, 4.5,);
-- INSERT INTO activity_attendance VALUES(7, 87005, 4,);
-- INSERT INTO activity_attendance VALUES(8, 87006, 3,);
-- INSERT INTO activity_attendance VALUES(9, 87007, 3.5,);
-- INSERT INTO activity_attendance VALUES(10, 87008, 4.5,);
-- INSERT INTO activity_attendance VALUES(11, 87009, 4,);
-- INSERT INTO activity_attendance VALUES(12, 87010, 3,);
-- INSERT INTO activity_attendance VALUES(13, 87011, 4.5,);
-- INSERT INTO activity_attendance VALUES(14, 87012, 3.5,);
-- INSERT INTO activity_attendance VALUES(15, 87013, 4,);
-- INSERT INTO activity_attendance VALUES(1, 87014, 4.5,);
-- INSERT INTO activity_attendance VALUES(2, 87015, 3,);
-- INSERT INTO activity_attendance VALUES(3, 87000, 4.5,);
-- INSERT INTO activity_attendance VALUES(4, 87001, 4,);
-- INSERT INTO activity_attendance VALUES(5, 87002, 5,);
-- INSERT INTO activity_attendance VALUES(6, 87003, 3,);
-- INSERT INTO activity_attendance VALUES(7, 87004, 4.5,);
-- INSERT INTO activity_attendance VALUES(8, 87005, 5,);
-- INSERT INTO activity_attendance VALUES(9, 87006, 3.5,);
-- INSERT INTO activity_attendance VALUES(10, 87007, 5,);
-- INSERT INTO activity_attendance VALUES(11, 87008, 4,);
-- INSERT INTO activity_attendance VALUES(12, 87009, 5,);
-- INSERT INTO activity_attendance VALUES(13, 87010, 3.5,);
-- INSERT INTO activity_attendance VALUES(14, 87011, 4.5,);
-- INSERT INTO activity_attendance VALUES(15, 87012, 5,);
-- INSERT INTO activity_attendance VALUES(1, 87013, 3.5,);
-- INSERT INTO activity_attendance VALUES(2, 87014, 4.5,);
-- INSERT INTO activity_attendance VALUES(3, 87015, 3,);
-- INSERT INTO activity_attendance VALUES(4, 87000, 5,);
-- INSERT INTO activity_attendance VALUES(5, 87001, 4,);
-- INSERT INTO activity_attendance VALUES(6, 87002, 4.5,);
-- INSERT INTO activity_attendance VALUES(7, 87003, 5,);
-- INSERT INTO activity_attendance VALUES(8, 87004, 3,);
-- INSERT INTO activity_attendance VALUES(9, 87005, 3.5,);
-- INSERT INTO activity_attendance VALUES(10, 87006, 4.5,);
-- INSERT INTO activity_attendance VALUES(11, 87007, 4,);
-- INSERT INTO activity_attendance VALUES(12, 87008, 3.5,);
-- INSERT INTO activity_attendance VALUES(13, 87009, 5,);
-- INSERT INTO activity_attendance VALUES(14, 87010, 3.5,);
-- INSERT INTO activity_attendance VALUES(15, 87011, 5,);
-- INSERT INTO activity_attendance VALUES(1, 87012, 4.5,);
-- INSERT INTO activity_attendance VALUES(2, 87013, 4,);
-- INSERT INTO activity_attendance VALUES(3, 87014, 5,);
-- INSERT INTO activity_attendance VALUES(4, 87015, 4,);
-- INSERT INTO activity_attendance VALUES(5, 87017, 5,);
-- INSERT INTO activity_attendance VALUES(6, 87018, 3,);
-- INSERT INTO activity_attendance VALUES(7, 87019, 5,);
-- INSERT INTO activity_attendance VALUES(8, 87017, 4.5,);
-- INSERT INTO activity_attendance VALUES(9, 87018, 5,);
-- INSERT INTO activity_attendance VALUES(10, 87019, 3.5,);
-- INSERT INTO activity_attendance VALUES(11, 87017, 5,);
-- INSERT INTO activity_attendance VALUES(12, 87018, 4.5,);
-- INSERT INTO activity_attendance VALUES(13, 87019, 4,);
-- INSERT INTO activity_attendance VALUES(14, 87017, 5,);
-- INSERT INTO activity_attendance VALUES(15, 87018, 5,);
-- INSERT INTO activity_attendance VALUES(1, 87019, 3.5,);
-- INSERT INTO activity_attendance VALUES(2, 87021, 5,);
-- INSERT INTO activity_attendance VALUES(3, 87022, 3,);
-- INSERT INTO activity_attendance VALUES(4, 87023, 5,);
-- INSERT INTO activity_attendance VALUES(5, 87024, 4.5,);
-- INSERT INTO activity_attendance VALUES(6, 87021, 4,);
-- INSERT INTO activity_attendance VALUES(7, 87022, 5,);
-- INSERT INTO activity_attendance VALUES(8, 87023, 4.5,);
-- INSERT INTO activity_attendance VALUES(9, 87024, 5,);
-- INSERT INTO activity_attendance VALUES(10, 87021, 3,);
-- INSERT INTO activity_attendance VALUES(11, 87022, 5,);
-- INSERT INTO activity_attendance VALUES(12, 87023, 5,);
-- INSERT INTO activity_attendance VALUES(13, 87024, 3.5,);
-- INSERT INTO activity_attendance VALUES(14, 87021, 5,);
-- INSERT INTO activity_attendance VALUES(15, 87022, 4,);
-- INSERT INTO activity_attendance VALUES(1, 87023, 4.5,);
-- INSERT INTO activity_attendance VALUES(2, 87024, 5,);
-- INSERT INTO activity_attendance VALUES(3, 87026, 3,);
-- INSERT INTO activity_attendance VALUES(4, 87027, 5,);
-- INSERT INTO activity_attendance VALUES(5, 87028, 4,);
-- INSERT INTO activity_attendance VALUES(6, 87029, 5,);
-- INSERT INTO activity_attendance VALUES(7, 87026, 4.5,);
-- INSERT INTO activity_attendance VALUES(8, 87027, 3.5,);
-- INSERT INTO activity_attendance VALUES(9, 87028, 5,);
-- INSERT INTO activity_attendance VALUES(10, 87029, 4,);
-- INSERT INTO activity_attendance VALUES(11, 87026, 5,);
-- INSERT INTO activity_attendance VALUES(12, 87027, 4.5,);
-- INSERT INTO activity_attendance VALUES(13, 87028, 3,);
-- INSERT INTO activity_attendance VALUES(14, 87029, 5,);
-- INSERT INTO activity_attendance VALUES(15, 87026, 4,);
-- INSERT INTO activity_attendance VALUES(1, 87027, 5,);
-- INSERT INTO activity_attendance VALUES(2, 87028, 3.5,);
-- INSERT INTO activity_attendance VALUES(3, 87029, 5,);
-- INSERT INTO activity_attendance VALUES(4, 87032, 4.5,);
-- INSERT INTO activity_attendance VALUES(5, 87033, 3,);
-- INSERT INTO activity_attendance VALUES(6, 87034, 5,);
-- INSERT INTO activity_attendance VALUES(7, 87035, 5,);
-- INSERT INTO activity_attendance VALUES(8, 87036, 4,);
-- INSERT INTO activity_attendance VALUES(9, 87037, 3,);
-- INSERT INTO activity_attendance VALUES(10, 87038, 4.5,);
-- INSERT INTO activity_attendance VALUES(11, 87032, 5,);
-- INSERT INTO activity_attendance VALUES(12, 87033, 4,);
-- INSERT INTO activity_attendance VALUES(13, 87034, 5,);
-- INSERT INTO activity_attendance VALUES(14, 87035, 4,);
-- INSERT INTO activity_attendance VALUES(15, 87036, 5,);
-- INSERT INTO activity_attendance VALUES(1, 87037, 3,);
-- INSERT INTO activity_attendance VALUES(2, 87038, 5,);
-- INSERT INTO activity_attendance VALUES(3, 87040, 5,);
-- INSERT INTO activity_attendance VALUES(4, 87041, 3.5,);
-- INSERT INTO activity_attendance VALUES(5, 87042, 4.5,);
-- INSERT INTO activity_attendance VALUES(6, 87043, 5,);
-- INSERT INTO activity_attendance VALUES(7, 87040, 3,);
-- INSERT INTO activity_attendance VALUES(8, 87041, 5,);
-- INSERT INTO activity_attendance VALUES(9, 87042, 5,);
-- INSERT INTO activity_attendance VALUES(10, 87043, 4,);
-- INSERT INTO activity_attendance VALUES(11, 87040, 5,);
-- INSERT INTO activity_attendance VALUES(12, 87041, 3.5,);
-- INSERT INTO activity_attendance VALUES(13, 87042, 5,);
-- INSERT INTO activity_attendance VALUES(14, 87043, 5,);
-- INSERT INTO activity_attendance VALUES(15, 87046, 3,);
-- INSERT INTO activity_attendance VALUES(1, 87049, 5,);
-- INSERT INTO activity_attendance VALUES(2, 87050, 4.5,);
-- INSERT INTO activity_attendance VALUES(3, 87051, 3.5,);
-- INSERT INTO activity_attendance VALUES(4, 87049, 5,);
-- INSERT INTO activity_attendance VALUES(5, 87050, 4.5,);
-- INSERT INTO activity_attendance VALUES(6, 87051, 3,);
-- INSERT INTO activity_attendance VALUES(7, 87049, 5,);
-- INSERT INTO activity_attendance VALUES(8, 87050, 4,);
-- INSERT INTO activity_attendance VALUES(9, 87051, 5,);
-- INSERT INTO activity_attendance VALUES(10, 87049, 3,);
-- INSERT INTO activity_attendance VALUES(11, 87050, 5,);
-- INSERT INTO activity_attendance VALUES(12, 87051, 4,);
-- INSERT INTO activity_attendance VALUES(13, 87049, 3.5,);
-- INSERT INTO activity_attendance VALUES(14, 87050, 3.5,);
-- INSERT INTO activity_attendance VALUES(15, 87051, 3.5,);
-- INSERT INTO activity_attendance VALUES(1, 87053, 3,);
-- INSERT INTO activity_attendance VALUES(2, 87054, 3.5,);
-- INSERT INTO activity_attendance VALUES(3, 87055, 4,);
-- INSERT INTO activity_attendance VALUES(4, 87056, 3.5,);
-- INSERT INTO activity_attendance VALUES(5, 87057, 3.5,);
-- INSERT INTO activity_attendance VALUES(6, 87053, 3.5,);
-- INSERT INTO activity_attendance VALUES(7, 87054, 3,);
-- INSERT INTO activity_attendance VALUES(8, 87055, 4.5,);
-- INSERT INTO activity_attendance VALUES(9, 87056, 3.5,);
-- INSERT INTO activity_attendance VALUES(10, 87057, 4,);
-- INSERT INTO activity_attendance VALUES(11, 87053, 3,);
-- INSERT INTO activity_attendance VALUES(12, 87054, 4.5,);
-- INSERT INTO activity_attendance VALUES(13, 87055, 3.5,);
-- INSERT INTO activity_attendance VALUES(14, 87056, 4,);
-- INSERT INTO activity_attendance VALUES(15, 87057, 3,);




