--college
INSERT INTO college VALUES ('CEN','College of Engineering');
INSERT INTO college VALUES ('CAS','College of Arts and Sciences');
INSERT INTO college VALUES ('CAAD','College of Architecture, Art and Design');
INSERT INTO college VALUES ('SBA','School of Business Administration');

--app_user
INSERT INTO app_user VALUES (74902,'b00074902@aus.edu','$2a$10$5KdGhC8m63lz5y.bfSSaN.gEkeUAvj6o6m2FHpm7y1XGpNspF.t3u','admin','Jeremy Dsilva','971521345678');
INSERT INTO app_user VALUES (75635,'b00075635@aus.edu','$2a$10$KHQ0DiUJ8RotEo8QTJBxo.ci6Kq.MN7VF28SQi3hw9g/Z4jc2cEM.','admin','Yash Gaikwad','971523456781');
INSERT INTO app_user VALUES (75661,'g00075661@aus.edu','$2a$10$ryhxGqgIWjzHUVmtGduQTOprYkPoY8zFswOHBSROtnplrX1paFEFy','admin','Iffa Afsa CM','971524567891');
INSERT INTO app_user VALUES (12345,'c00012345@aus.edu','$2a$10$iNPCLnCyvrvboj6t/nlwL.u9//yd4wIOUMtg8ZMO8KhdFwQjjxeN2','leader','James Smith','971525678910');
INSERT INTO app_user VALUES (23456,'c00023456@aus.edu','$2a$10$yTbxpk6sFfWDEdEmNNImMejkpAh/jvTvr9LoJvWSfgaOQJWK11GLG','leader','William Jones','971526789101');
INSERT INTO app_user VALUES (34567,'c00034567@aus.edu','$2a$10$wo3CK4Sldvg0YukewADnl.0xeOVgvzoYpn6m.nxy.Yd/HsrI6kjL2','leader','Thomas Rodriguez','971527891010');
INSERT INTO app_user VALUES (45678,'c00045678@aus.edu','$2a$10$vvKaYnkFH471uhr06CukF.Xs/WTJftWbedWHawkGYWeTCyIzcy0iq','leader','Matthew Gonzalez','971528910123');
INSERT INTO app_user VALUES (56789,'c00056789@aus.edu','$2a$10$/u3WUFPX.EoVIrd/rBtOwOQYcB.W8fr.FDQm4xl1BA0o6e.MVJOKi','leader','Paul Taylor','971529101234');
INSERT INTO app_user VALUES (67890,'c00067890@aus.edu','$2a$10$VPElGk8via8iq8AKxEbMVOhvDMMfcLciYHFgVXCixMSZ7KBsBsz8S','leader','Joshua Lee','971521012345');
INSERT INTO app_user VALUES (78901,'c00078901@aus.edu','$2a$10$suc8TkiRZpBXrq1pNIlg3uAPKCC8btlka58ciLc.l.T44UB9tcNlC','leader','Edward Harris','971520123456');
INSERT INTO app_user VALUES (89012,'c00089012@aus.edu','$2a$10$lZK/CffyqTiSJtG0TyJh8uPRw7OZLkZkGeniEvnmZSarp1tXRBbay','leader','Jeffrey Lewis','971521234567');
INSERT INTO app_user VALUES (90123,'c00090123@aus.edu','$2a$10$MnxbkmUarQLvQykg4DZ/h.JhEMaxEZY/1eFKfoueZeOFAOcPr2NSK','leader','Nicholas Allen','971522345678');
INSERT INTO app_user VALUES (54321,'c00054321@aus.edu','$2a$10$HXTVRs/78CfjfliGsivS6OdMIOGRPdC9ViZd9uvlbc3odVL2Bomre','leader','Larry Torres','971561234567');
INSERT INTO app_user VALUES (65432,'c00065432@aus.edu','$2a$10$wMatM.TQrQmAWy1adSERNe79ZUa5FO0dlGMDF2zYJgVcTDqlZSjxG','leader','Benjamin Green','971560123456');
INSERT INTO app_user VALUES (76543,'c00076543@aus.edu','$2a$10$LYATQZaVdaaimh./g86hReQ.1Q7gsU2Av2dp2QXmWljNPjIhSChhe','leader','Raymond Hall','971562345678');
INSERT INTO app_user VALUES (87654,'c00087654@aus.edu','$2a$10$wDk4MX0W1px2MAyJ5J2qcOfAUTLSlWOIIjUtDRunmtyHZF2oNGDpK','leader','Dennis Carter','971563456789');
INSERT INTO app_user VALUES (98765,'c00098765@aus.edu','$2a$10$LccnG/Rts0xo7fYv4M3ym.4MlnHDhcHPN58imLu4ilK9uaBXCd0Ei','leader','Jose Williams','971564567890');
INSERT INTO app_user VALUES (10987,'c00010987@aus.edu','$2a$10$RfL3aZVd9ecL7paTgt.4l.FCxAQxNpFCDQvJH/1Di4m8o0X8vUnJu','leader','Nathan Miller','971565678901');
INSERT INTO app_user VALUES (21098,'c00021098@aus.edu','$2a$10$pc9TLFhAcVoRtXAwMUxiZengyQ2JNPOG2MtXjcuyR/f3j9Q/QYwk6','leader','Walter Hernandez','971566789012');
INSERT INTO app_user VALUES (32109,'c00032109@aus.edu','$2a$10$ax1a9Y4hcAWAeZlmi7U1k.8I/In6feaS57eYbXFn0ZVBg175X/mgi','leader','Carl Johnson','971567890123');
INSERT INTO app_user VALUES (21312,'c00021312@aus.edu','$2a$10$mhgkWdPCGnM5f4RF1hwb/OpCu2.FtdQn53QDDTlNDXiIP/dhv3iCW','leader','Christian Garcia','971568901234');
INSERT INTO app_user VALUES (31212,'c00031212@aus.edu','$2a$10$rxunYPU8VAXrLQitOsZitefM1cOEE6icS6BRHvlhZ4ojBRpCo0gRW','leader','Austin Martinez','971569012345');
INSERT INTO app_user VALUES (41312,'c00041312@aus.edu','$2a$10$JQl99x0gkJfobLLTNboHquUkzDIoaiz5XdsAvJCEKCis04GYC61fK','leader','Joe Wilson','971569998888');
INSERT INTO app_user VALUES (87000,'c00087000@aus.edu','$2a$10$pgnDzSe8obu4oMQesN9R2OP/wRqTCnDVe6ozF3WZk0RkGyxogaT8y','student','Albert Moore','971569998887');
INSERT INTO app_user VALUES (87001,'c00087001@aus.edu','$2a$10$Cw3LAQRth2ovAE4B6FcgfuWH2m80D2TwsN9ysiVA7r3Qntbi1QrQ6','student','Gabriel Perez','971569998886');
INSERT INTO app_user VALUES (87002,'c00087002@aus.edu','$2a$10$WQwWB4UC1JXaXccDXrsHqOACuVDt2r1mwsxHt5UrAWWKfoErpUk8m','student','Wayne Sanchez','971569998885');
INSERT INTO app_user VALUES (87003,'c00087003@aus.edu','$2a$10$MYixoEClF7/5Yxsila46HOcwKg.Tai7MckuBackWeLRovd74OMDnm','student','Randy Robinson','971569998884');
INSERT INTO app_user VALUES (87004,'c00087004@aus.edu','$2a$10$pFIV1dxZxFWf4qzRIK4bI.CqaZeYD/1I7OoBBVs9rgE6hE2RpDeYu','student','Philip King','971569998883');
INSERT INTO app_user VALUES (87005,'c00087005@aus.edu','$2a$10$ipLOxSP/iHQFzIO6zJjokemRlDDd2ZnrhZ40WY4k.hY.c8RPzKYxe','student','Mary Nguyen','971569998882');
INSERT INTO app_user VALUES (87006,'c00087006@aus.edu','$2a$10$XpT50PMohfWCVILq7JEpdO9X50qTDe26im/AugnS5rXZ98WnKn4xW','student','Elizabeth Adams','971569998881');
INSERT INTO app_user VALUES (87007,'c00087007@aus.edu','$2a$10$8KSlXqPPXZ5U0OTCH0UTA.gVPfEzRfVI6BF1eH51FGEyPUHdzQkTG','student','Sarah Rivera','971569998880');
INSERT INTO app_user VALUES (87008,'c00087008@aus.edu','$2a$10$gM2zEmUcMYMcdDQ3.YM9qeCG2hfUI.c1HAmScHz7E2k/MsiHAbQyK','student','Margaret Roberts','971569998889');
INSERT INTO app_user VALUES (87009,'c00087009@aus.edu','$2a$10$70mbxHJ8eNtlRBgZ4BbhyuVyM1vOvEexFuZU2fBUcr.grPwPWCkhu','student','Dorothy Turner','971569999990');
INSERT INTO app_user VALUES (87010,'c00087010@aus.edu','$2a$10$tHO50ZfQn2TwFgErq7VwUuuHy2zqVF2eiVynMMt2w4CmWan8frTpS','student','Michelle Edwards','971569999991');
INSERT INTO app_user VALUES (87011,'c00087011@aus.edu','$2a$10$ILBj0S6yNuHFaMwVOQYriOa1XmH0Nmg2lnbGfuE8q/VjvTX2TEiuK','student','Deborah Morris','971569999992');
INSERT INTO app_user VALUES (87012,'c00087012@aus.edu','$2a$10$scoxltP8nF4qiBpxZM11/uosY7vHzDUcLN/1cFTttnZd2T8qyxDoW','student','Sharon Rogers','971569999993');
INSERT INTO app_user VALUES (87013,'c00087013@aus.edu','$2a$10$HnKl524EzubigIH178KLcem5V..OlyelokXJWkYElHLNZhN6SBtjm','student','Shirley Cooper','971569999994');
INSERT INTO app_user VALUES (87014,'c00087014@aus.edu','$2a$10$PCUmmahgBHRAXJ8KOtvUyOxCEG4vqw6SJKkpDuRXElHoA6TnuqOpG','student','Brenda Kelly','971569999995');
INSERT INTO app_user VALUES (87015,'c00087015@aus.edu','$2a$10$Oc1CpcTpoiWg1wyCLpSISetiIMfd0/IHMwY/CcH7OgV8XN9anSopq','student','Katherine Cox','971569999996');
INSERT INTO app_user VALUES (87016,'c00087016@aus.edu','$2a$10$22QnXOnk0DHuEjF0GhV63O0AwMQoUWa5Wzkz9kL4RMdhFDq29SgxK','student','Catherine Brooks','971569999997');
INSERT INTO app_user VALUES (87017,'c00087017@aus.edu','$2a$10$gf7xeGJxlmUhoJEPK8WHJe8vC2jk1wE6beC2S8U9.X96LJONp/H3m','student','Janet Bennet','971569999998');
INSERT INTO app_user VALUES (87018,'c00087018@aus.edu','$2a$10$Slc3aTgBwxm5zRce2dzWE.gaGRR/8s2rqIj./LxpTsGFYNR8yL4b6','student','Diane Hughes','971569999999');
INSERT INTO app_user VALUES (87019,'c00087019@aus.edu','$2a$10$6lQb1zXpOTvzNtDtXaAoz.HMddyCwUz6XqFcLjob/JxA08o3aO0JC','student','Kelly Sanders','971522223333');
INSERT INTO app_user VALUES (87020,'c00087020@aus.edu','$2a$10$GwBCEp9kpS3HDuV9UtdaXu4HENtiXCOkuubZsmC4yUkevKB/SP4yG','student','Evelyn Ross','971521112222');
INSERT INTO app_user VALUES (87021,'c00087021@aus.edu','$2a$10$dxPo.4zxBNRU7Bamoz.BUucPVVMe1qMFwiWN445WowjHh0CITyUXm','student','Cheryl Anderson','971523334444');
INSERT INTO app_user VALUES (87022,'c00087022@aus.edu','$2a$10$wvoFZuF90R4pK.BhYWcY1.2gF0VF2Mb8VNHEzNx83tiKIb4NH9Fe2','student','Hannah Jackson','971524445555');
INSERT INTO app_user VALUES (87023,'c00087023@aus.edu','$2a$10$VF3OHRmqOOlH/yJGoMtCJ.gsl83HcwbDfE8t2LPvFSMbmj0FBwyMu','student','Jean Thompson','971525556666');
INSERT INTO app_user VALUES (87024,'c00087024@aus.edu','$2a$10$RB17WoviXZfxLOcz7E8BIuX2MNiuA9UTIvIjNAzCia/YDhTaI36Ce','student','Sara Clark','971526667777');
INSERT INTO app_user VALUES (87025,'c00087025@aus.edu','$2a$10$91sJxk43P6gqihKgi1MUVu3O4D/VDDiGC17sBAgv9umomIOJontia','student','Julia Walker','971527778888');
INSERT INTO app_user VALUES (87026,'c00087026@aus.edu','$2a$10$8F3cU.eE9Pw8ORnXWj66YO.VoQOzGRSiOsdjAd2P5sdh4PTF8xQc6','student','Marie Wright','971528889999');
INSERT INTO app_user VALUES (87027,'c00087027@aus.edu','$2a$10$6Rv4WWpM4dYe.MYUCk9zVOB6PbyqJaWLU4o7pduEXL2R/YJrAGmgG','student','Theresa Hill','971529990000');
INSERT INTO app_user VALUES (87028,'c00087028@aus.edu','$2a$10$Sccte7awke7bxtxUmiBQy.yHaU/ZELKMh5AR4A9pk.4bvjsxFnv8.','student','Brittany Nelson','971561112222');
INSERT INTO app_user VALUES (87029,'c00087029@aus.edu','$2a$10$c72hdUo/YoBM6c1NGCZegugoirzcVurMzLu8xSh8xAjnKk.OpBOyW','student','Isabella Campbell','971562223333');
INSERT INTO app_user VALUES (87030,'c00087030@aus.edu','$2a$10$/BCl7nFEk5nAIP9NE85I1u36hFptTsir3EsIC1egt/TZRhPS/lw36','student','Mehnaz Ummar','971563334444');
INSERT INTO app_user VALUES (87031,'c00087031@aus.edu','$2a$10$E8IYsMLfmz.1WUeLwGsfmO1xHF3yN1zqRwKuzdjKug56lGG0busru','student','Shahd Abdelmeguid','971564445555');
INSERT INTO app_user VALUES (87032,'c00087032@aus.edu','$2a$10$PAds3f9avGEJGscEDFCNau4oMS9X90Z4ScHzUNz1WuxnzVO3KQEJy','student','Meera Rashid','971565556666');
INSERT INTO app_user VALUES (87033,'c00087033@aus.edu','$2a$10$GQRAUEH/TtkTrk1W7EEWE.tfpqzJTkYYzB6FrgBe/T5kCNuEsuGs2','student','Foad Sayed','971566667777');
INSERT INTO app_user VALUES (87034,'c00087034@aus.edu','$2a$10$9xD6AD8/XiIXBQos8wsM4eBweYiEzskd4RRUf0FxSpiTBJpVu8Tna','student','Ghazzal Jastaniah','971567778888');
INSERT INTO app_user VALUES (87035,'c00087035@aus.edu','$2a$10$XU92Z4zvnsmWq7RP3QjJO.udYgt6rwPiBDudGyNmbjJi26oXZi4Vq','student','Aishu Satish','971568889999');
INSERT INTO app_user VALUES (87036,'c00087036@aus.edu','$2a$10$aUkSfMiXP5bawruSdgPeFO8zUxIggzFEeTXBVxl9rHtv1Zbr6bz8C','student','Deepthi Poovaiah','971569990000');
INSERT INTO app_user VALUES (87037,'c00087037@aus.edu','$2a$10$e7qB6bPjEvxKqbFyKYC6fOF0CaqFLjcYqqOUE/fpPUYrxzVTUmTKK','student','Aasiyah Ahmed','971501234567');
INSERT INTO app_user VALUES (87038,'c00087038@aus.edu','$2a$10$EySXdc6oLoxrekaEdd9IluNIS.i7rmxcEAho33rIpGuoPelIZgNVC','student','Sara Liba','971502345678');
INSERT INTO app_user VALUES (87039,'c00087039@aus.edu','$2a$10$/U3kUY8C2j6NNkQBC4zDWeCO3z/YJKaQeZTpEZnTirhIJCpN6Cit6','student','Ayesha Suha','971503456789');
INSERT INTO app_user VALUES (87040,'c00087040@aus.edu','$2a$10$DXpoOytTx5ijepYmfSG6/.U1PQUQicjx0xkFRVL53seL41.Mvk6/m','student','Noorie Silmi','971504567890');
INSERT INTO app_user VALUES (87041,'c00087041@aus.edu','$2a$10$6gcoOkozjg5lCaLNC8NWoOC4Vqrogy/hDWkvFMmO6x3oP3IqJWneS','student','Fathima Zohra','971505678901');
INSERT INTO app_user VALUES (87042,'c00087042@aus.edu','$2a$10$UJwR0JHsP6dgaqYP8e2bgeZJyzecyWPZnf0Tp4eYYLNJZu6l8xNPC','student','Faiz Mohammad','971506789012');
INSERT INTO app_user VALUES (87043,'c00087043@aus.edu','$2a$10$vnNK2ZUjomabPE8EA7oHyOl2fwwMjf4s1C/nAfFO4twOrMpxC2IkC','student','Manzoor Ahmad','971581234567');
INSERT INTO app_user VALUES (87044,'c00087044@aus.edu','$2a$10$FKistc58XQ7uz3LIISauo.lONMxR9ycrHiAqt/DPDoKouh4512oK.','student','Riyaz Ahmed','971582345678');
INSERT INTO app_user VALUES (87045,'c00087045@aus.edu','$2a$10$8qfc3DvQP7.FGGZHirGmTu7Sfd.FD8gH8ok.0ZecUowQaEAlLio4m','student','Mohammad Anwar','971583457891');
INSERT INTO app_user VALUES (87046,'c00087046@aus.edu','$2a$10$0wGZRADvI1yKCEC2HcpcG..Y8aAXgXIpUV1x87z4qAXmerJ/aKcma','student','Nusaiba Lara','971589990001');
INSERT INTO app_user VALUES (87047,'c00087047@aus.edu','$2a$10$mgsQDIWqoNOG.OGx2NhGfe3refq/kbjXts90y3Y3SCXZC1Dq7Yo/6','student','Shabeena Sultana','971580201234');
INSERT INTO app_user VALUES (87048,'c00087048@aus.edu','$2a$10$7mGJtP27yXDYwOMGfUngMuDO0HZXGlFJoisQXFgaueKb40aeoQmbe','student','Insha Khatija','971582244455');
INSERT INTO app_user VALUES (87049,'c00087049@aus.edu','$2a$10$UtlpRI5TNfwZiiUF19JV..zFXN/wrITCpt7h5fxvtV1Cd5MmR0LWC','student','Zaid Rahman','971581102266');
INSERT INTO app_user VALUES (87050,'c00087050@aus.edu','$2a$10$jfsHEji24tJ2nj8G93/g0.cWwoCEN43T1mwdHKz5Hfqcl/Jq3BZkK','student','Rayyan Mohammad','971587788899');
INSERT INTO app_user VALUES (87051,'c00087051@aus.edu','$2a$10$X8rlLV6lCBN3OAdESbix3epy6HekyUZNHDPlW0ylDDcS9S9mI4LAa','student','Firas Mohammad','971585434321');
INSERT INTO app_user VALUES (87052,'c00087052@aus.edu','$2a$10$eKRHTKHd8rriMN2/1G2ieujOb26lkSYYO5D5vIWG59GGzCyJovzly','student','Anne Kate','971587723344');
INSERT INTO app_user VALUES (87053,'c00087053@aus.edu','$2a$10$UUY5t2K1lFduWCqIRDMqyudWz430W51G7ow75OdL148F0x1hgfc0i','student','Abhirami Krishna','971580011234');
INSERT INTO app_user VALUES (87054,'c00087054@aus.edu','$2a$10$XZFiJio09BHmKNpeeOQ/vOrfo6Ltb/HSJhGMGTQxUYFXC0l4GiCq6','student','Archa Alukka','971585544331');
INSERT INTO app_user VALUES (87055,'c00087055@aus.edu','$2a$10$T9E0QWHYKaAkYAirlQUQmuGqGFk0Mfc9Du7pfUl9nX5uuRm3iA7li','student','Maya Hiba','971587895678');
INSERT INTO app_user VALUES (87056,'c00087056@aus.edu','$2a$10$ZK99h8QemiFfxh/K/gdwLu1tkH1fjPN3ueOAORp16C/DLG43cs8TW','student','Aghed Alahmad','971582023765');
INSERT INTO app_user VALUES (87057,'c00087057@aus.edu','$2a$10$70xG2DnZ7MzsbXp4/y1eU.QFgBGgyFriBcoUNFTJ5hdmT5bY5iGoS','student','Mumtaz Ummar','971586546789');
INSERT INTO app_user VALUES (87058,'c00087058@aus.edu','$2a$10$PFjiRQLCZLzriK1.0NocS.OPRqf8N9gprG4ZRjv49YvzabzDfr3ou','student','Robin Dias','971580000101');
INSERT INTO app_user VALUES (87059,'c00087059@aus.edu','$2a$10$1pZGbN8.Ka1X4zZ1/rjdu.KUPZ1FZcWai/dCy.lb1zSThPyMbSNsC','student','Shaham Kampala','971560100202');

--student_leader
INSERT INTO student_leader VALUES(12345, 'CEN','Senior','team_leader');
INSERT INTO student_leader VALUES(23456, 'CAAD','Junior','team_leader');
INSERT INTO student_leader VALUES(34567, 'SBA','Senior','team_leader');
INSERT INTO student_leader VALUES(45678, 'CAS','Junior','team_leader');
INSERT INTO student_leader VALUES(56789, 'CEN','Sophomore','peer_leader');
INSERT INTO student_leader VALUES(67890, 'CAAD','Junior','peer_leader');
INSERT INTO student_leader VALUES(78901, 'SBA','Senior','peer_leader');
INSERT INTO student_leader VALUES(89012, 'CAS','Sophomore','peer_leader');
INSERT INTO student_leader VALUES(90123, 'CEN','Junior','peer_leader');
INSERT INTO student_leader VALUES(54321, 'CAAD','Senior','peer_leader');
INSERT INTO student_leader VALUES(65432, 'SBA','Sophomore','peer_leader');
INSERT INTO student_leader VALUES(76543, 'CAS','Junior','peer_leader');
INSERT INTO student_leader VALUES(87654, 'CEN','Senior','peer_leader');
INSERT INTO student_leader VALUES(98765, 'CAAD','Sophomore','peer_leader');
INSERT INTO student_leader VALUES(10987, 'SBA','Junior','peer_leader');
INSERT INTO student_leader VALUES(21098, 'CAS','Senior','peer_leader');
INSERT INTO student_leader VALUES(32109, 'CEN','Senior','team_leader');
INSERT INTO student_leader VALUES(21312, 'CAAD','Sophomore','peer_leader');
INSERT INTO student_leader VALUES(31212, 'SBA','Junior','peer_leader');
INSERT INTO student_leader VALUES(41312, 'CAS','Sophomore','peer_leader');

--student_group
INSERT INTO student_group (NAME, PEER_LEADER, TEAM_LEADER) VALUES('OASIS1',56789, 12345);
INSERT INTO student_group (NAME, PEER_LEADER, TEAM_LEADER) VALUES('OASIS2',67890, 12345);
INSERT INTO student_group (NAME, PEER_LEADER, TEAM_LEADER) VALUES('OASIS3',78901, 12345);
INSERT INTO student_group (NAME, PEER_LEADER, TEAM_LEADER) VALUES('WAVES1',89012, 23456);
INSERT INTO student_group (NAME, PEER_LEADER, TEAM_LEADER) VALUES('WAVES2',90123, 23456);
INSERT INTO student_group (NAME, PEER_LEADER, TEAM_LEADER) VALUES('WAVES3',54321, 23456);
INSERT INTO student_group (NAME, PEER_LEADER, TEAM_LEADER) VALUES('SNOW1',65432, 34567);
INSERT INTO student_group (NAME, PEER_LEADER, TEAM_LEADER) VALUES('SNOW2',76543, 34567);
INSERT INTO student_group (NAME, PEER_LEADER, TEAM_LEADER) VALUES('SNOW3',87654, 34567);
INSERT INTO student_group (NAME, PEER_LEADER, TEAM_LEADER) VALUES('RAIN1',98765, 45678);
INSERT INTO student_group (NAME, PEER_LEADER, TEAM_LEADER) VALUES('RAIN2',10987, 45678);
INSERT INTO student_group (NAME, PEER_LEADER, TEAM_LEADER) VALUES('RAIN3',21098, 45678);

--student
INSERT INTO student VALUES(87000, 'CEN', 1);
INSERT INTO student VALUES(87001, 'CAAD', 1);
INSERT INTO student VALUES(87002, 'SBA', 1);
INSERT INTO student VALUES(87003, 'CAS', 1);
INSERT INTO student VALUES(87004, 'CEN', 1);
INSERT INTO student VALUES(87005, 'CAAD', 2);
INSERT INTO student VALUES(87006, 'SBA', 2);
INSERT INTO student VALUES(87007, 'CAS', 2);
INSERT INTO student VALUES(87008, 'CEN', 2);
INSERT INTO student VALUES(87009, 'CAAD', 2);
INSERT INTO student VALUES(87010, 'SBA', 3);
INSERT INTO student VALUES(87011, 'CAS', 3);
INSERT INTO student VALUES(87012, 'CEN', 3);
INSERT INTO student VALUES(87013, 'CAAD', 3);
INSERT INTO student VALUES(87014, 'SBA', 3);
INSERT INTO student VALUES(87015, 'CAS', 4);
INSERT INTO student VALUES(87016, 'CEN', 4);
INSERT INTO student VALUES(87017, 'CAAD', 4);
INSERT INTO student VALUES(87018, 'SBA', 4);
INSERT INTO student VALUES(87019, 'CAS', 4);
INSERT INTO student VALUES(87020, 'CEN', 5);
INSERT INTO student VALUES(87021, 'CEN', 5);
INSERT INTO student VALUES(87022, 'SBA', 5);
INSERT INTO student VALUES(87023, 'CAAD', 5);
INSERT INTO student VALUES(87024, 'CAAD', 5);
INSERT INTO student VALUES(87025, 'CEN', 6);
INSERT INTO student VALUES(87026, 'CEN', 6);
INSERT INTO student VALUES(87027, 'SBA', 6);
INSERT INTO student VALUES(87028, 'SBA', 6);
INSERT INTO student VALUES(87029, 'SBA', 6);
INSERT INTO student VALUES(87030, 'SBA', 7);
INSERT INTO student VALUES(87031, 'SBA', 7);
INSERT INTO student VALUES(87032, 'SBA', 7);
INSERT INTO student VALUES(87033, 'CEN', 7);
INSERT INTO student VALUES(87034, 'CEN', 7);
INSERT INTO student VALUES(87035, 'CAS', 8);
INSERT INTO student VALUES(87036, 'CAS', 8);
INSERT INTO student VALUES(87037, 'CAAD', 8);
INSERT INTO student VALUES(87038, 'CEN', 8);
INSERT INTO student VALUES(87039, 'SBA', 8);
INSERT INTO student VALUES(87040, 'CAAD', 9);
INSERT INTO student VALUES(87041, 'CAS', 9);
INSERT INTO student VALUES(87042, 'CAS', 9);
INSERT INTO student VALUES(87043, 'CAAD', 9);
INSERT INTO student VALUES(87044, 'SBA', 9);
INSERT INTO student VALUES(87045, 'CEN', 10);
INSERT INTO student VALUES(87046, 'CEN', 10);
INSERT INTO student VALUES(87047, 'CEN', 10);
INSERT INTO student VALUES(87048, 'CAAD', 10);
INSERT INTO student VALUES(87049, 'CAAD', 10);
INSERT INTO student VALUES(87050, 'CAAD', 11);
INSERT INTO student VALUES(87051, 'SBA', 11);
INSERT INTO student VALUES(87052, 'SBA', 11);
INSERT INTO student VALUES(87053, 'CEN', 11);
INSERT INTO student VALUES(87054, 'SBA', 11);
INSERT INTO student VALUES(87055, 'CAS', 12);
INSERT INTO student VALUES(87056, 'CAAD', 12);
INSERT INTO student VALUES(87057, 'CEN', 12);
INSERT INTO student VALUES(87058, 'CEN', 12);
INSERT INTO student VALUES(87059, 'CEN', 12);

--activity
INSERT INTO activity (name, date_of_activity, organized_by, note) VALUES('Welcome Session',Date '2020-8-1','AUS FYE','Welcome session for the students');
INSERT INTO activity (name, date_of_activity, organized_by, note) VALUES('Trivia Night',Date '2020-9-21','Student council','Organized by the student council for the students');
INSERT INTO activity (name, date_of_activity, organized_by, note) VALUES('Share your talent with the Student Council',Date '2020-9-21','Student council','Organized by the student council for the students');
INSERT INTO activity (name, date_of_activity, organized_by, note) VALUES('Academic Policies',Date '2020-9-22','AUS FYE','Orientation for the students about the academic policies');
INSERT INTO activity (name, date_of_activity, organized_by, note) VALUES('Meet-up with Peer Leader',Date '2020-9-22','Peer Leaders','Meet and greet with peer leaders');
INSERT INTO activity (name, date_of_activity, organized_by, note) VALUES('Watch and Munch Movie Night',Date '2020-9-23','Student council','Movie night for students with refreshments served');
INSERT INTO activity (name, date_of_activity, organized_by, note) VALUES('Let us Get to Know You ',Date '2020-9-23','Student council','Meet and greet with student council and team leaders');
INSERT INTO activity (name, date_of_activity, organized_by, note) VALUES('Virtual Athletic Tour',Date '2020-9-24','AUS FYE','Tour of sports center and available resources');
INSERT INTO activity (name, date_of_activity, organized_by, note) VALUES('Welcome to the Library',Date '2020-9-24','Library ','Orientation for the students about the library facilities ');
INSERT INTO activity (name, date_of_activity, organized_by, note) VALUES('Live Sports and Fitness Fun Quiz',Date '2020-9-25','AUS FYE','Social event');
INSERT INTO activity (name, date_of_activity, organized_by, note) VALUES('Game Night with Student Council',Date '2020-9-25','Student council','Social event organized by student council');
INSERT INTO activity (name, date_of_activity, organized_by, note) VALUES('College/School Course Advising',Date '2020-9-26','Colleges','Advising sessions offered by the respective colleges');
INSERT INTO activity (name, date_of_activity, organized_by, note) VALUES('Women Workout and Zumba',Date '2020-9-26','AUS FYE','Social event');
INSERT INTO activity (name, date_of_activity, organized_by, note) VALUES('Men Full-Body Workout',Date '2020-9-27','AUS FYE','Social event');
INSERT INTO activity (name, date_of_activity, organized_by, note) VALUES('Mental Health Tips with Psychology Club',Date '2020-9-28','UCS','Awareness session organized by University Counseling Services');

--activity_attendance
INSERT INTO activity_attendance VALUES(1, 87000);
INSERT INTO activity_attendance VALUES(2, 87001);
INSERT INTO activity_attendance VALUES(3, 87002);
INSERT INTO activity_attendance VALUES(4, 87003);
INSERT INTO activity_attendance VALUES(5, 87004);
INSERT INTO activity_attendance VALUES(6, 87005);
INSERT INTO activity_attendance VALUES(7, 87006);
INSERT INTO activity_attendance VALUES(8, 87007);
INSERT INTO activity_attendance VALUES(9, 87008);
INSERT INTO activity_attendance VALUES(10, 87009);
INSERT INTO activity_attendance VALUES(11, 87010);
INSERT INTO activity_attendance VALUES(12, 87011);
INSERT INTO activity_attendance VALUES(13, 87012);
INSERT INTO activity_attendance VALUES(14, 87013);
INSERT INTO activity_attendance VALUES(15, 87014);
INSERT INTO activity_attendance VALUES(1, 87015);
INSERT INTO activity_attendance VALUES(2, 87000);
INSERT INTO activity_attendance VALUES(3, 87001);
INSERT INTO activity_attendance VALUES(4, 87002);
INSERT INTO activity_attendance VALUES(5, 87003);
INSERT INTO activity_attendance VALUES(6, 87004);
INSERT INTO activity_attendance VALUES(7, 87005);
INSERT INTO activity_attendance VALUES(8, 87006);
INSERT INTO activity_attendance VALUES(9, 87007);
INSERT INTO activity_attendance VALUES(10, 87008);
INSERT INTO activity_attendance VALUES(11, 87009);
INSERT INTO activity_attendance VALUES(12, 87010);
INSERT INTO activity_attendance VALUES(13, 87011);
INSERT INTO activity_attendance VALUES(14, 87012);
INSERT INTO activity_attendance VALUES(15, 87013);
INSERT INTO activity_attendance VALUES(1, 87014);
INSERT INTO activity_attendance VALUES(2, 87015);
INSERT INTO activity_attendance VALUES(3, 87000);
INSERT INTO activity_attendance VALUES(4, 87001);
INSERT INTO activity_attendance VALUES(5, 87002);
INSERT INTO activity_attendance VALUES(6, 87003);
INSERT INTO activity_attendance VALUES(7, 87004);
INSERT INTO activity_attendance VALUES(8, 87005);
INSERT INTO activity_attendance VALUES(9, 87006);
INSERT INTO activity_attendance VALUES(10, 87007);
INSERT INTO activity_attendance VALUES(11, 87008);
INSERT INTO activity_attendance VALUES(12, 87009);
INSERT INTO activity_attendance VALUES(13, 87010);
INSERT INTO activity_attendance VALUES(14, 87011);
INSERT INTO activity_attendance VALUES(15, 87012);
INSERT INTO activity_attendance VALUES(1, 87013);
INSERT INTO activity_attendance VALUES(2, 87014);
INSERT INTO activity_attendance VALUES(3, 87015);
INSERT INTO activity_attendance VALUES(4, 87000);
INSERT INTO activity_attendance VALUES(5, 87001);
INSERT INTO activity_attendance VALUES(6, 87002);
INSERT INTO activity_attendance VALUES(7, 87003);
INSERT INTO activity_attendance VALUES(8, 87004);
INSERT INTO activity_attendance VALUES(9, 87005);
INSERT INTO activity_attendance VALUES(10, 87006);
INSERT INTO activity_attendance VALUES(11, 87007);
INSERT INTO activity_attendance VALUES(12, 87008);
INSERT INTO activity_attendance VALUES(13, 87009);
INSERT INTO activity_attendance VALUES(14, 87010);
INSERT INTO activity_attendance VALUES(15, 87011);
INSERT INTO activity_attendance VALUES(1, 87012);
INSERT INTO activity_attendance VALUES(2, 87013);
INSERT INTO activity_attendance VALUES(3, 87014);
INSERT INTO activity_attendance VALUES(4, 87015);
INSERT INTO activity_attendance VALUES(5, 87017);
INSERT INTO activity_attendance VALUES(6, 87018);
INSERT INTO activity_attendance VALUES(7, 87019);
INSERT INTO activity_attendance VALUES(8, 87017);
INSERT INTO activity_attendance VALUES(9, 87018);
INSERT INTO activity_attendance VALUES(10, 87019);
INSERT INTO activity_attendance VALUES(11, 87017);
INSERT INTO activity_attendance VALUES(12, 87018);
INSERT INTO activity_attendance VALUES(13, 87019);
INSERT INTO activity_attendance VALUES(14, 87017);
INSERT INTO activity_attendance VALUES(15, 87018);
INSERT INTO activity_attendance VALUES(1, 87019);
INSERT INTO activity_attendance VALUES(2, 87021);
INSERT INTO activity_attendance VALUES(3, 87022);
INSERT INTO activity_attendance VALUES(4, 87023);
INSERT INTO activity_attendance VALUES(5, 87024);
INSERT INTO activity_attendance VALUES(6, 87021);
INSERT INTO activity_attendance VALUES(7, 87022);
INSERT INTO activity_attendance VALUES(8, 87023);
INSERT INTO activity_attendance VALUES(9, 87024);
INSERT INTO activity_attendance VALUES(10, 87021);
INSERT INTO activity_attendance VALUES(11, 87022);
INSERT INTO activity_attendance VALUES(12, 87023);
INSERT INTO activity_attendance VALUES(13, 87024);
INSERT INTO activity_attendance VALUES(14, 87021);
INSERT INTO activity_attendance VALUES(15, 87022);
INSERT INTO activity_attendance VALUES(1, 87023);
INSERT INTO activity_attendance VALUES(2, 87024);
INSERT INTO activity_attendance VALUES(3, 87026);
INSERT INTO activity_attendance VALUES(4, 87027);
INSERT INTO activity_attendance VALUES(5, 87028);
INSERT INTO activity_attendance VALUES(6, 87029);
INSERT INTO activity_attendance VALUES(7, 87026);
INSERT INTO activity_attendance VALUES(8, 87027);
INSERT INTO activity_attendance VALUES(9, 87028);
INSERT INTO activity_attendance VALUES(10, 87029);
INSERT INTO activity_attendance VALUES(11, 87026);
INSERT INTO activity_attendance VALUES(12, 87027);
INSERT INTO activity_attendance VALUES(13, 87028);
INSERT INTO activity_attendance VALUES(14, 87029);
INSERT INTO activity_attendance VALUES(15, 87026);
INSERT INTO activity_attendance VALUES(1, 87027);
INSERT INTO activity_attendance VALUES(2, 87028);
INSERT INTO activity_attendance VALUES(3, 87029);
INSERT INTO activity_attendance VALUES(4, 87032);
INSERT INTO activity_attendance VALUES(5, 87033);
INSERT INTO activity_attendance VALUES(6, 87034);
INSERT INTO activity_attendance VALUES(7, 87035);
INSERT INTO activity_attendance VALUES(8, 87036);
INSERT INTO activity_attendance VALUES(9, 87037);
INSERT INTO activity_attendance VALUES(10, 87038);
INSERT INTO activity_attendance VALUES(11, 87032);
INSERT INTO activity_attendance VALUES(12, 87033);
INSERT INTO activity_attendance VALUES(13, 87034);
INSERT INTO activity_attendance VALUES(14, 87035);
INSERT INTO activity_attendance VALUES(15, 87036);
INSERT INTO activity_attendance VALUES(1, 87037);
INSERT INTO activity_attendance VALUES(2, 87038);
INSERT INTO activity_attendance VALUES(3, 87040);
INSERT INTO activity_attendance VALUES(4, 87041);
INSERT INTO activity_attendance VALUES(5, 87042);
INSERT INTO activity_attendance VALUES(6, 87043);
INSERT INTO activity_attendance VALUES(7, 87040);
INSERT INTO activity_attendance VALUES(8, 87041);
INSERT INTO activity_attendance VALUES(9, 87042);
INSERT INTO activity_attendance VALUES(10, 87043);
INSERT INTO activity_attendance VALUES(11, 87040);
INSERT INTO activity_attendance VALUES(12, 87041);
INSERT INTO activity_attendance VALUES(13, 87042);
INSERT INTO activity_attendance VALUES(14, 87043);
INSERT INTO activity_attendance VALUES(15, 87046);
INSERT INTO activity_attendance VALUES(1, 87049);
INSERT INTO activity_attendance VALUES(2, 87050);
INSERT INTO activity_attendance VALUES(3, 87051);
INSERT INTO activity_attendance VALUES(4, 87049);
INSERT INTO activity_attendance VALUES(5, 87050);
INSERT INTO activity_attendance VALUES(6, 87051);
INSERT INTO activity_attendance VALUES(7, 87049);
INSERT INTO activity_attendance VALUES(8, 87050);
INSERT INTO activity_attendance VALUES(9, 87051);
INSERT INTO activity_attendance VALUES(10, 87049);
INSERT INTO activity_attendance VALUES(11, 87050);
INSERT INTO activity_attendance VALUES(12, 87051);
INSERT INTO activity_attendance VALUES(13, 87049);
INSERT INTO activity_attendance VALUES(14, 87050);
INSERT INTO activity_attendance VALUES(15, 87051);
INSERT INTO activity_attendance VALUES(1, 87053);
INSERT INTO activity_attendance VALUES(2, 87054);
INSERT INTO activity_attendance VALUES(3, 87055);
INSERT INTO activity_attendance VALUES(4, 87056);
INSERT INTO activity_attendance VALUES(5, 87057);
INSERT INTO activity_attendance VALUES(6, 87053);
INSERT INTO activity_attendance VALUES(7, 87054);
INSERT INTO activity_attendance VALUES(8, 87055);
INSERT INTO activity_attendance VALUES(9, 87056);
INSERT INTO activity_attendance VALUES(10, 87057);
INSERT INTO activity_attendance VALUES(11, 87053);
INSERT INTO activity_attendance VALUES(12, 87054);
INSERT INTO activity_attendance VALUES(13, 87055);
INSERT INTO activity_attendance VALUES(14, 87056);
INSERT INTO activity_attendance VALUES(15, 87057);




